age,job,education,balance,housing,loan,pdays,previous,poutcome,duration,y
30,unemployed,primary,1787,no,no,-1,0,unknown,79,no
33,services,secondary,4789,yes,yes,339,4,failure,220,no
35,management,tertiary,1350,yes,no,330,1,failure,185,no
30,management,tertiary,1476,yes,yes,-1,0,unknown,199,no
59,blue-collar,secondary,0,yes,no,-1,0,unknown,226,no
35,management,tertiary,747,no,no,176,3,failure,141,no
36,self-employed,tertiary,307,yes,no,330,2,other,341,no
39,technician,secondary,147,yes,no,-1,0,unknown,151,no
41,entrepreneur,tertiary,221,yes,no,-1,0,unknown,57,no
43,services,primary,-88,yes,yes,147,2,failure,313,no
39,services,secondary,9374,yes,no,-1,0,unknown,273,no
43,admin.,secondary,264,yes,no,-1,0,unknown,113,no
36,technician,tertiary,1109,no,no,-1,0,unknown,328,no
20,student,secondary,502,no,no,-1,0,unknown,261,yes
31,blue-collar,secondary,360,yes,yes,241,1,failure,89,no
40,management,tertiary,194,no,yes,-1,0,unknown,189,no
56,technician,secondary,4073,no,no,-1,0,unknown,239,no
37,admin.,tertiary,2317,yes,no,152,2,failure,114,no
25,blue-collar,primary,-221,yes,no,-1,0,unknown,250,no
31,services,secondary,132,no,no,152,1,other,148,no
38,management,unknown,0,yes,no,-1,0,unknown,96,no
42,management,tertiary,16,no,no,-1,0,unknown,140,no
44,services,secondary,106,no,no,-1,0,unknown,109,no
44,entrepreneur,secondary,93,no,no,-1,0,unknown,125,no
26,housemaid,tertiary,543,no,no,-1,0,unknown,169,no
41,management,tertiary,5883,no,no,-1,0,unknown,182,no
55,blue-collar,primary,627,yes,no,-1,0,unknown,247,no
67,retired,unknown,696,no,no,105,2,failure,119,no
56,self-employed,secondary,784,no,yes,-1,0,unknown,149,no
53,admin.,secondary,105,no,yes,-1,0,unknown,74,no
68,retired,secondary,4189,no,no,-1,0,unknown,897,yes
31,technician,secondary,171,no,no,-1,0,unknown,81,no
59,management,secondary,42,no,no,-1,0,unknown,40,no
32,management,tertiary,2536,yes,no,-1,0,unknown,958,yes
49,technician,tertiary,1235,no,no,-1,0,unknown,354,yes
42,admin.,secondary,1811,yes,no,-1,0,unknown,150,no
78,retired,primary,229,no,no,-1,0,unknown,97,yes
32,blue-collar,secondary,2089,yes,no,-1,0,unknown,132,yes
33,management,secondary,3935,yes,no,342,2,failure,765,yes
23,services,tertiary,363,yes,no,-1,0,unknown,16,no
38,management,tertiary,11971,yes,no,101,3,failure,609,no
36,management,tertiary,553,no,no,-1,0,unknown,106,no
52,blue-collar,secondary,1117,yes,no,-1,0,unknown,365,no
32,technician,tertiary,396,yes,no,-1,0,unknown,205,no
32,technician,tertiary,2204,yes,no,-1,0,unknown,11,no
34,management,tertiary,872,yes,no,-1,0,unknown,105,no
55,blue-collar,primary,145,no,no,5,2,other,59,no
26,blue-collar,primary,0,yes,no,-1,0,unknown,425,no
32,entrepreneur,primary,-849,yes,yes,-1,0,unknown,204,no
61,admin.,unknown,4629,yes,no,92,1,success,181,yes
45,blue-collar,primary,844,no,no,-1,0,unknown,1018,yes
37,technician,secondary,228,yes,no,-1,0,unknown,1740,no
38,technician,secondary,50,no,no,-1,0,unknown,98,no
34,technician,tertiary,1539,yes,no,56,1,other,441,yes
53,blue-collar,secondary,2231,yes,no,-1,0,unknown,272,no
48,admin.,secondary,3064,yes,no,-1,0,unknown,159,no
57,management,secondary,82,no,yes,-1,0,unknown,140,no
33,self-employed,tertiary,2155,no,no,-1,0,unknown,295,no
36,retired,secondary,101,yes,yes,-1,0,unknown,314,no
54,technician,secondary,784,yes,yes,-1,0,unknown,579,no
41,blue-collar,primary,-516,no,yes,-1,0,unknown,554,no
63,retired,secondary,415,yes,no,-1,0,unknown,323,no
48,management,tertiary,5887,no,no,-1,0,unknown,227,no
48,services,secondary,1355,no,no,-1,0,unknown,134,no
56,admin.,secondary,16873,no,no,-1,0,unknown,223,no
51,blue-collar,secondary,203,yes,no,170,5,failure,134,no
31,services,secondary,338,yes,no,-1,0,unknown,155,no
29,technician,secondary,444,yes,no,-1,0,unknown,130,no
41,management,secondary,0,no,yes,-1,0,unknown,630,no
32,technician,tertiary,360,no,no,-1,0,unknown,164,no
37,management,tertiary,0,no,no,182,3,success,268,yes
42,entrepreneur,tertiary,2,yes,no,-1,0,unknown,380,no
31,management,tertiary,6248,yes,no,-1,0,unknown,154,no
41,services,tertiary,412,yes,no,-1,0,unknown,154,no
56,retired,secondary,344,yes,no,-1,0,unknown,221,no
54,management,tertiary,3222,no,no,-1,0,unknown,67,no
41,blue-collar,secondary,174,yes,no,297,1,other,367,no
40,technician,secondary,591,no,yes,-1,0,unknown,87,no
50,blue-collar,primary,388,no,no,-1,0,unknown,701,no
40,unemployed,secondary,219,yes,no,196,1,failure,204,no
27,admin.,secondary,451,yes,no,-1,0,unknown,652,yes
60,retired,primary,5,no,no,-1,0,unknown,63,no
28,admin.,secondary,177,yes,yes,-1,0,unknown,150,no
52,services,secondary,657,no,no,460,2,failure,398,yes
37,management,tertiary,1315,no,no,-1,0,unknown,224,yes
51,blue-collar,primary,1466,yes,no,-1,0,unknown,406,no
41,technician,secondary,879,no,yes,-1,0,unknown,60,no
35,blue-collar,primary,293,yes,no,-1,0,unknown,521,no
38,admin.,secondary,424,yes,no,-1,0,unknown,279,no
34,blue-collar,secondary,1831,yes,no,-1,0,unknown,203,no
39,blue-collar,primary,111,no,no,-1,0,unknown,201,no
34,blue-collar,primary,455,yes,no,-1,0,unknown,372,no
27,services,secondary,-195,yes,no,-1,0,unknown,391,yes
32,management,tertiary,3616,no,no,-1,0,unknown,165,no
57,blue-collar,secondary,14093,no,no,-1,0,unknown,231,no
41,unknown,tertiary,1567,no,no,-1,0,unknown,291,no
41,admin.,tertiary,5426,yes,no,-1,0,unknown,149,no
30,admin.,tertiary,261,no,no,137,20,failure,233,no
36,blue-collar,secondary,2843,no,no,182,1,success,473,no
31,unemployed,primary,406,no,no,-1,0,unknown,736,yes
36,blue-collar,secondary,0,yes,no,-1,0,unknown,337,no
38,management,tertiary,493,yes,no,367,7,failure,553,no
49,technician,secondary,5996,no,no,-1,0,unknown,345,no
57,services,primary,3777,yes,no,-1,0,unknown,65,no
34,management,secondary,524,no,no,-1,0,unknown,9,no
32,management,tertiary,574,yes,no,145,3,failure,259,no
37,blue-collar,secondary,427,yes,yes,-1,0,unknown,371,no
33,self-employed,tertiary,483,yes,no,-1,0,unknown,280,no
56,unemployed,primary,3391,no,no,-1,0,unknown,243,yes
27,housemaid,primary,0,yes,no,-1,0,unknown,435,no
21,student,secondary,2488,no,no,169,3,success,258,yes
58,management,tertiary,1517,yes,no,-1,0,unknown,7,no
32,self-employed,secondary,217,yes,yes,-1,0,unknown,317,no
33,blue-collar,secondary,22,no,no,207,1,failure,76,no
25,student,secondary,331,no,no,-1,0,unknown,170,yes
25,technician,secondary,505,no,yes,-1,0,unknown,386,yes
30,services,secondary,1808,yes,no,-1,0,unknown,83,no
22,admin.,secondary,4111,no,yes,-1,0,unknown,65,no
39,blue-collar,primary,52,no,no,-1,0,unknown,69,no
46,management,tertiary,25,no,no,-1,0,unknown,564,no
31,admin.,secondary,1890,yes,no,-1,0,unknown,588,no
45,blue-collar,primary,419,no,no,-1,0,unknown,113,no
32,technician,secondary,2693,yes,no,-1,0,unknown,16,no
36,blue-collar,secondary,-231,no,yes,-1,0,unknown,779,no
51,management,tertiary,-55,yes,no,266,6,failure,281,no
34,self-employed,tertiary,462,no,no,-1,0,unknown,1877,yes
24,unemployed,secondary,119,no,no,-1,0,unknown,51,no
45,technician,secondary,586,no,yes,-1,0,unknown,32,no
32,blue-collar,secondary,228,no,no,288,3,failure,176,no
77,retired,tertiary,4659,no,no,-1,0,unknown,161,yes
41,blue-collar,primary,168,yes,no,-1,0,unknown,187,no
37,blue-collar,primary,0,yes,no,-1,0,unknown,24,no
43,blue-collar,unknown,-715,yes,no,-1,0,unknown,67,no
48,admin.,unknown,0,yes,no,168,2,failure,85,no
27,technician,secondary,769,yes,no,-1,0,unknown,317,no
33,management,tertiary,0,no,no,-1,0,unknown,236,no
29,admin.,secondary,428,yes,yes,345,2,failure,54,no
34,management,tertiary,0,no,no,-1,0,unknown,71,no
52,management,tertiary,-970,yes,no,-1,0,unknown,489,yes
60,management,unknown,6313,no,no,-1,0,unknown,39,no
32,management,tertiary,948,no,no,-1,0,unknown,204,no
32,management,tertiary,0,yes,no,-1,0,unknown,455,no
56,services,unknown,1877,yes,no,-1,0,unknown,86,no
31,management,tertiary,874,yes,no,-1,0,unknown,190,no
42,admin.,secondary,323,yes,yes,-1,0,unknown,280,no
35,management,tertiary,106,no,yes,-1,0,unknown,588,no
56,retired,primary,1906,no,yes,-1,0,unknown,45,no
48,technician,secondary,1152,yes,no,-1,0,unknown,168,no
46,admin.,secondary,179,yes,no,436,1,other,194,no
37,technician,unknown,391,yes,no,-1,0,unknown,103,no
41,entrepreneur,unknown,89,yes,no,-1,0,unknown,333,no
36,management,tertiary,442,yes,yes,-1,0,unknown,102,no
45,unemployed,primary,-249,yes,yes,-1,0,unknown,92,no
55,entrepreneur,secondary,8104,no,no,-1,0,unknown,213,no
39,technician,secondary,501,no,no,-1,0,unknown,289,no
35,technician,secondary,308,no,no,-1,0,unknown,77,no
55,admin.,secondary,602,no,no,90,2,success,324,yes
55,technician,secondary,273,yes,no,183,3,failure,84,no
27,self-employed,secondary,50,no,no,-1,0,unknown,168,no
34,technician,secondary,1641,yes,no,-1,0,unknown,380,no
34,blue-collar,tertiary,20,no,no,-1,0,unknown,10,no
25,admin.,secondary,4590,yes,no,-1,0,unknown,199,no
41,admin.,secondary,-256,no,yes,-1,0,unknown,35,no
43,services,secondary,978,yes,yes,-1,0,unknown,82,no
28,management,tertiary,80,no,no,146,2,failure,676,yes
31,admin.,secondary,2104,yes,no,-1,0,unknown,455,no
78,housemaid,secondary,499,no,no,-1,0,unknown,80,no
45,blue-collar,secondary,1269,yes,no,-1,0,unknown,549,no
48,technician,tertiary,310,no,no,-1,0,unknown,135,no
32,blue-collar,secondary,1143,yes,yes,-1,0,unknown,412,no
42,technician,secondary,2980,no,no,-1,0,unknown,101,no
37,management,tertiary,37,no,no,-1,0,unknown,253,no
40,admin.,secondary,462,yes,yes,335,4,other,272,no
32,admin.,secondary,1031,yes,no,-1,0,unknown,84,no
42,management,tertiary,9009,no,no,-1,0,unknown,135,no
43,admin.,secondary,-465,yes,yes,-1,0,unknown,166,no
44,admin.,secondary,5181,yes,yes,-1,0,unknown,18,no
37,admin.,secondary,176,yes,no,347,1,failure,147,no
37,unknown,unknown,1699,no,no,-1,0,unknown,63,no
37,admin.,tertiary,0,yes,no,119,1,failure,65,no
28,technician,tertiary,172,yes,yes,-1,0,unknown,194,no
32,services,secondary,0,no,yes,-1,0,unknown,333,no
34,admin.,secondary,6979,yes,no,-1,0,unknown,14,no
40,admin.,secondary,6,no,no,-1,0,unknown,140,no
34,services,secondary,-62,yes,no,-1,0,unknown,109,no
34,self-employed,tertiary,1972,yes,no,-1,0,unknown,61,no
34,admin.,tertiary,899,yes,no,7,4,success,377,no
37,services,secondary,21,yes,no,271,2,other,96,no
36,technician,secondary,23,yes,no,347,1,failure,152,no
56,retired,secondary,-1206,yes,no,-1,0,unknown,382,yes
49,blue-collar,primary,0,yes,yes,-1,0,unknown,97,no
33,self-employed,secondary,215,yes,no,-1,0,unknown,543,no
30,management,tertiary,1372,no,no,-1,0,unknown,240,no
36,services,secondary,1981,no,no,-1,0,unknown,48,no
23,student,secondary,9216,no,no,-1,0,unknown,471,no
57,retired,secondary,39,yes,no,-1,0,unknown,354,no
27,blue-collar,secondary,5563,yes,no,-1,0,unknown,435,no
38,services,secondary,1,no,yes,-1,0,unknown,152,no
42,technician,tertiary,782,no,no,-1,0,unknown,285,no
75,retired,secondary,3771,no,no,181,2,success,185,yes
34,technician,tertiary,992,yes,no,88,2,success,301,no
48,technician,secondary,1526,no,no,-1,0,unknown,273,no
35,technician,tertiary,2658,yes,no,141,3,failure,768,yes
39,management,tertiary,1315,yes,no,126,1,failure,1337,no
29,blue-collar,tertiary,455,no,no,-1,0,unknown,403,yes
45,technician,tertiary,0,yes,no,-1,0,unknown,139,no
42,technician,secondary,2030,yes,yes,-1,0,unknown,196,no
29,technician,secondary,1599,yes,no,61,1,failure,115,no
38,services,secondary,-196,yes,no,271,1,failure,60,no
56,retired,secondary,1333,no,no,-1,0,unknown,17,no
36,technician,secondary,9149,yes,no,-1,0,unknown,141,no
25,blue-collar,secondary,-350,yes,no,-1,0,unknown,95,no
38,technician,tertiary,432,yes,no,373,1,other,10,no
57,self-employed,secondary,11494,no,no,-1,0,unknown,198,no
31,management,tertiary,-253,no,no,-1,0,unknown,220,no
42,management,tertiary,372,yes,no,-1,0,unknown,654,yes
45,technician,secondary,1410,no,no,-1,0,unknown,71,no
30,blue-collar,secondary,975,yes,no,351,2,failure,256,no
49,blue-collar,primary,305,yes,yes,-1,0,unknown,834,no
49,services,secondary,400,no,no,-1,0,unknown,151,no
53,retired,tertiary,-22,yes,no,-1,0,unknown,20,no
37,technician,secondary,4030,yes,no,-1,0,unknown,178,no
49,blue-collar,primary,365,no,no,-1,0,unknown,59,no
41,self-employed,primary,204,no,no,-1,0,unknown,111,no
54,management,primary,1691,yes,no,-1,0,unknown,186,no
32,services,secondary,406,yes,no,-1,0,unknown,227,no
33,technician,secondary,-204,no,no,-1,0,unknown,297,no
33,technician,secondary,359,yes,no,242,1,other,210,no
36,blue-collar,primary,123,yes,no,-1,0,unknown,9,no
35,technician,tertiary,0,yes,yes,62,6,other,112,no
52,unknown,secondary,142,no,no,-1,0,unknown,112,no
40,entrepreneur,tertiary,3571,no,no,-1,0,unknown,222,no
44,technician,secondary,33,yes,no,351,10,failure,195,no
45,blue-collar,secondary,0,yes,no,91,5,success,768,no
30,student,secondary,3096,no,no,-1,0,unknown,123,no
48,technician,secondary,20,no,no,-1,0,unknown,145,no
33,blue-collar,secondary,3576,yes,no,308,2,other,124,no
57,technician,unknown,206,yes,no,-1,0,unknown,216,no
57,housemaid,primary,7082,no,no,-1,0,unknown,69,no
51,unemployed,tertiary,1634,yes,no,-1,0,unknown,168,no
34,admin.,secondary,1,yes,no,-1,0,unknown,483,no
50,self-employed,tertiary,4012,no,no,-1,0,unknown,690,no
44,management,tertiary,3762,no,no,-1,0,unknown,125,no
27,admin.,secondary,-247,yes,yes,-1,0,unknown,344,no
50,blue-collar,secondary,606,yes,no,-1,0,unknown,673,no
36,management,tertiary,0,yes,no,250,1,other,60,no
42,management,secondary,-189,yes,no,-1,0,unknown,247,no
32,unemployed,secondary,0,no,no,-1,0,unknown,123,no
42,management,tertiary,484,yes,no,-1,0,unknown,144,no
43,technician,secondary,0,no,yes,172,5,failure,9,no
31,management,tertiary,395,yes,no,-1,0,unknown,155,no
32,management,tertiary,2349,no,no,-1,0,unknown,134,no
55,blue-collar,primary,410,no,yes,-1,0,unknown,221,no
58,retired,primary,3401,yes,no,265,2,failure,84,no
46,blue-collar,primary,222,no,no,-1,0,unknown,71,no
55,blue-collar,secondary,989,yes,yes,-1,0,unknown,246,no
34,management,tertiary,415,no,yes,-1,0,unknown,361,no
28,unemployed,secondary,16,no,no,-1,0,unknown,119,no
42,technician,tertiary,7190,yes,no,-1,0,unknown,375,no
29,blue-collar,secondary,482,no,yes,-1,0,unknown,1097,yes
54,housemaid,secondary,209,yes,yes,-1,0,unknown,97,no
32,technician,secondary,0,no,no,-1,0,unknown,181,no
39,technician,tertiary,5803,no,no,-1,0,unknown,83,no
53,entrepreneur,tertiary,624,no,yes,-1,0,unknown,180,no
58,technician,tertiary,883,no,no,78,2,failure,543,no
40,self-employed,secondary,1516,yes,yes,-1,0,unknown,373,no
29,student,secondary,872,yes,no,-1,0,unknown,230,no
33,technician,tertiary,-988,yes,yes,-1,0,unknown,83,no
38,admin.,secondary,902,yes,no,-1,0,unknown,58,no
56,services,secondary,1007,no,no,-1,0,unknown,88,no
40,services,secondary,0,yes,no,28,3,failure,297,no
24,blue-collar,secondary,174,yes,yes,-1,0,unknown,487,yes
46,management,secondary,12186,no,no,-1,0,unknown,29,no
35,self-employed,secondary,524,yes,no,-1,0,unknown,484,no
35,blue-collar,tertiary,0,yes,no,-1,0,unknown,262,no
34,technician,secondary,4,yes,no,-1,0,unknown,644,no
35,housemaid,tertiary,11219,no,no,79,1,failure,699,no
38,technician,tertiary,0,no,no,-1,0,unknown,247,no
50,blue-collar,primary,5776,no,no,-1,0,unknown,49,no
51,blue-collar,primary,37,yes,no,-1,0,unknown,341,no
59,self-employed,tertiary,593,no,no,-1,0,unknown,64,no
32,blue-collar,secondary,1148,yes,no,-1,0,unknown,121,no
37,blue-collar,secondary,3561,yes,no,-1,0,unknown,98,no
42,admin.,secondary,63,no,no,-1,0,unknown,88,no
40,student,secondary,260,no,no,-1,0,unknown,197,no
28,technician,tertiary,2269,yes,no,-1,0,unknown,331,no
47,admin.,secondary,1060,yes,no,-1,0,unknown,83,no
27,self-employed,secondary,-220,yes,no,-1,0,unknown,138,no
41,management,tertiary,49,yes,no,-1,0,unknown,312,no
34,admin.,tertiary,69,no,yes,1,6,success,120,yes
50,blue-collar,primary,4108,yes,no,-1,0,unknown,526,yes
47,blue-collar,secondary,480,yes,no,-1,0,unknown,211,no
53,services,secondary,4994,no,no,-1,0,unknown,62,no
53,technician,secondary,0,yes,yes,-1,0,unknown,135,no
47,management,tertiary,3681,no,no,-1,0,unknown,101,no
49,entrepreneur,unknown,-701,yes,no,-1,0,unknown,988,yes
29,management,tertiary,451,no,no,-1,0,unknown,451,no
45,blue-collar,primary,-311,yes,no,-1,0,unknown,1030,yes
38,entrepreneur,secondary,593,yes,yes,-1,0,unknown,1484,yes
32,blue-collar,secondary,759,yes,no,-1,0,unknown,317,yes
70,retired,primary,4531,no,no,-1,0,unknown,445,no
65,retired,primary,1840,no,no,188,5,failure,383,no
56,blue-collar,secondary,345,yes,no,-1,0,unknown,605,no
35,blue-collar,secondary,1287,yes,no,-1,0,unknown,330,no
56,management,unknown,353,no,yes,-1,0,unknown,171,no
56,technician,secondary,205,no,yes,-1,0,unknown,442,no
49,entrepreneur,secondary,687,yes,no,-1,0,unknown,772,yes
38,unemployed,primary,1147,yes,yes,-1,0,unknown,249,no
35,management,tertiary,4286,yes,no,-1,0,unknown,357,no
38,admin.,tertiary,605,no,no,-1,0,unknown,147,no
49,blue-collar,secondary,8545,yes,yes,167,1,failure,199,no
55,management,unknown,559,no,no,-1,0,unknown,271,no
43,blue-collar,primary,2,yes,no,-1,0,unknown,783,no
43,management,tertiary,2,no,yes,-1,0,unknown,472,no
25,admin.,tertiary,760,yes,no,89,2,failure,223,yes
30,blue-collar,primary,1317,yes,no,-1,0,unknown,395,no
46,blue-collar,secondary,182,no,no,-1,0,unknown,56,no
50,admin.,primary,276,no,yes,-1,0,unknown,641,no
35,entrepreneur,secondary,2971,no,no,164,2,failure,429,yes
26,unemployed,secondary,1064,no,no,-1,0,unknown,113,no
45,admin.,unknown,1783,no,no,-1,0,unknown,11,no
37,blue-collar,secondary,-67,no,no,-1,0,unknown,157,no
60,self-employed,tertiary,179,no,yes,-1,0,unknown,79,no
38,management,tertiary,1199,no,no,1,1,success,178,yes
47,blue-collar,primary,214,yes,yes,-1,0,unknown,168,no
33,technician,secondary,6699,no,no,462,1,failure,425,no
51,unemployed,secondary,1760,no,yes,-1,0,unknown,162,no
35,entrepreneur,tertiary,145,yes,no,-1,0,unknown,799,yes
35,unemployed,secondary,978,no,no,209,3,success,1370,yes
48,admin.,secondary,1150,yes,no,-1,0,unknown,357,no
37,admin.,secondary,121,no,no,-1,0,unknown,22,no
29,technician,tertiary,828,yes,no,321,3,other,215,no
34,admin.,secondary,244,yes,no,-1,0,unknown,56,no
32,services,primary,228,yes,no,-1,0,unknown,1017,yes
30,management,tertiary,424,no,no,-1,0,unknown,298,yes
47,management,tertiary,447,no,yes,-1,0,unknown,126,no
33,blue-collar,primary,-195,no,no,-1,0,unknown,9,no
33,management,tertiary,1410,yes,no,254,5,failure,8,no
63,retired,primary,1084,no,no,183,1,success,201,no
51,self-employed,primary,10924,no,no,-1,0,unknown,106,no
41,management,tertiary,832,yes,yes,176,1,failure,164,no
56,retired,tertiary,478,no,no,-1,0,unknown,97,no
60,management,tertiary,0,no,yes,-1,0,unknown,151,no
41,self-employed,tertiary,3950,yes,no,-1,0,unknown,96,no
37,management,unknown,504,yes,no,-1,0,unknown,555,no
36,blue-collar,secondary,219,yes,yes,347,1,failure,270,no
57,management,tertiary,1602,no,no,-1,0,unknown,339,no
55,management,primary,2587,no,no,94,2,success,328,yes
44,admin.,secondary,0,yes,yes,-1,0,unknown,159,no
47,self-employed,tertiary,2303,yes,no,364,1,failure,323,no
31,blue-collar,secondary,1660,yes,no,-1,0,unknown,342,no
35,management,tertiary,32,yes,no,-1,0,unknown,180,no
39,management,tertiary,278,no,yes,-1,0,unknown,60,no
50,management,tertiary,4,no,no,96,2,failure,223,no
29,management,tertiary,318,yes,no,356,4,failure,1434,no
30,services,secondary,209,yes,no,-1,0,unknown,30,no
46,services,secondary,271,yes,no,-1,0,unknown,134,no
27,management,unknown,3196,no,no,-1,0,unknown,10,no
48,admin.,secondary,4099,no,no,-1,0,unknown,397,yes
26,student,secondary,2572,yes,no,-1,0,unknown,620,no
36,management,tertiary,339,no,no,-1,0,unknown,6,no
42,blue-collar,primary,0,yes,yes,-1,0,unknown,209,no
50,housemaid,primary,395,yes,no,-1,0,unknown,419,no
49,blue-collar,secondary,2039,yes,no,-1,0,unknown,283,no
45,management,tertiary,5450,no,no,-1,0,unknown,188,no
23,student,secondary,780,no,no,-1,0,unknown,267,no
38,technician,secondary,0,yes,no,-1,0,unknown,196,no
32,management,tertiary,8436,yes,no,149,2,failure,245,no
60,technician,primary,11262,no,no,-1,0,unknown,323,yes
30,entrepreneur,secondary,946,yes,no,183,1,other,1065,no
58,housemaid,tertiary,497,no,no,-1,0,unknown,138,no
60,retired,primary,55,no,no,-1,0,unknown,207,no
38,services,secondary,-140,no,no,-1,0,unknown,456,no
51,technician,secondary,-379,yes,no,-1,0,unknown,261,no
42,admin.,secondary,-396,yes,no,308,4,failure,80,no
30,services,secondary,0,yes,no,363,9,failure,131,no
40,management,primary,733,yes,no,-1,0,unknown,94,no
37,management,tertiary,393,yes,no,275,4,failure,567,yes
53,technician,primary,7290,yes,no,-1,0,unknown,153,no
27,services,secondary,468,yes,no,-1,0,unknown,109,no
39,blue-collar,secondary,0,yes,no,325,1,failure,53,no
39,blue-collar,primary,3705,yes,no,-1,0,unknown,77,no
59,retired,tertiary,9676,no,no,-1,0,unknown,234,yes
37,services,secondary,1328,yes,no,341,4,failure,121,no
41,blue-collar,primary,8,yes,no,-1,0,unknown,155,no
45,blue-collar,primary,61,no,no,-1,0,unknown,108,no
48,management,tertiary,6613,no,no,-1,0,unknown,159,no
48,technician,secondary,302,yes,no,-1,0,unknown,208,no
32,blue-collar,secondary,1005,no,no,-1,0,unknown,215,no
35,services,secondary,109,yes,no,-1,0,unknown,597,no
33,management,tertiary,1240,yes,no,260,1,other,505,no
28,blue-collar,primary,0,yes,yes,-1,0,unknown,380,no
64,retired,unknown,2923,no,no,-1,0,unknown,120,no
35,technician,secondary,0,no,no,-1,0,unknown,106,no
33,blue-collar,secondary,43,yes,no,358,2,failure,332,no
41,technician,secondary,288,yes,no,-1,0,unknown,221,no
34,admin.,secondary,613,yes,no,-1,0,unknown,80,no
37,technician,tertiary,6101,no,no,87,1,success,60,no
38,blue-collar,primary,168,yes,yes,-1,0,unknown,212,no
39,blue-collar,primary,7685,yes,no,-1,0,unknown,493,no
35,technician,tertiary,4515,yes,no,-1,0,unknown,98,no
28,blue-collar,secondary,517,no,yes,-1,0,unknown,681,yes
27,blue-collar,secondary,148,no,no,-1,0,unknown,203,no
48,retired,primary,-285,no,yes,-1,0,unknown,157,no
50,blue-collar,secondary,887,no,no,-1,0,unknown,287,no
45,self-employed,secondary,3098,yes,no,-1,0,unknown,159,no
41,technician,tertiary,744,yes,no,-1,0,unknown,125,no
39,technician,secondary,130,no,no,-1,0,unknown,202,no
44,management,secondary,438,yes,no,303,1,failure,37,no
54,admin.,secondary,0,no,no,98,2,failure,161,yes
49,management,tertiary,322,no,no,-1,0,unknown,72,no
34,blue-collar,secondary,186,no,no,-1,0,unknown,342,no
75,retired,tertiary,3810,yes,no,183,1,failure,262,yes
42,management,tertiary,0,no,no,-1,0,unknown,325,no
53,blue-collar,secondary,4380,no,no,-1,0,unknown,223,no
49,management,tertiary,755,no,no,-1,0,unknown,1212,yes
31,services,secondary,2070,no,no,-1,0,unknown,319,no
45,blue-collar,primary,999,no,no,-1,0,unknown,182,no
39,self-employed,secondary,167,yes,yes,-1,0,unknown,330,no
46,technician,secondary,1322,yes,yes,-1,0,unknown,514,no
42,admin.,secondary,1076,yes,no,-1,0,unknown,213,no
37,management,tertiary,502,yes,no,351,1,failure,551,no
26,technician,tertiary,1216,yes,no,-1,0,unknown,472,no
37,management,tertiary,876,yes,no,327,2,failure,140,no
36,services,secondary,342,yes,no,-1,0,unknown,142,no
29,blue-collar,primary,950,yes,no,-1,0,unknown,135,no
36,blue-collar,primary,973,yes,yes,-1,0,unknown,293,no
26,technician,tertiary,3825,yes,no,-1,0,unknown,107,no
32,blue-collar,secondary,2366,yes,no,-1,0,unknown,127,no
40,management,tertiary,542,yes,no,-1,0,unknown,1816,no
53,management,primary,995,no,no,-1,0,unknown,200,no
29,management,tertiary,20,yes,no,-1,0,unknown,418,no
34,technician,tertiary,228,yes,no,-1,0,unknown,387,no
43,blue-collar,secondary,130,no,no,337,3,failure,156,no
56,management,tertiary,217,no,yes,-1,0,unknown,121,no
55,entrepreneur,tertiary,0,no,no,-1,0,unknown,108,no
31,self-employed,tertiary,259,yes,no,-1,0,unknown,47,no
27,admin.,secondary,619,yes,no,322,4,other,16,no
36,management,secondary,644,yes,no,-1,0,unknown,54,no
44,management,tertiary,22,yes,no,-1,0,unknown,265,no
37,admin.,tertiary,4303,yes,no,-1,0,unknown,168,no
30,admin.,secondary,239,yes,no,-1,0,unknown,115,no
42,technician,secondary,275,no,no,-1,0,unknown,31,no
30,management,tertiary,1221,yes,no,-1,0,unknown,279,yes
62,retired,secondary,816,no,no,-1,0,unknown,28,no
24,blue-collar,secondary,1222,yes,no,-1,0,unknown,369,no
31,technician,secondary,2363,yes,no,-1,0,unknown,247,no
66,retired,tertiary,2262,no,no,-1,0,unknown,155,no
47,admin.,secondary,2,no,no,-1,0,unknown,89,no
39,entrepreneur,tertiary,2,yes,no,-1,0,unknown,180,no
35,technician,secondary,4508,yes,no,-1,0,unknown,854,yes
35,admin.,secondary,-402,yes,no,-1,0,unknown,46,no
27,technician,secondary,1577,yes,yes,-1,0,unknown,266,no
32,blue-collar,secondary,34,yes,no,-1,0,unknown,321,no
44,management,tertiary,795,no,no,-1,0,unknown,99,no
42,blue-collar,secondary,117,yes,no,-1,0,unknown,147,no
34,self-employed,tertiary,5462,no,no,-1,0,unknown,430,yes
25,services,secondary,402,no,yes,-1,0,unknown,264,no
40,technician,secondary,641,no,no,-1,0,unknown,156,no
43,management,tertiary,36,no,no,102,2,failure,118,no
55,unemployed,tertiary,383,no,no,-1,0,unknown,343,no
50,blue-collar,secondary,283,yes,no,-1,0,unknown,226,no
45,management,tertiary,0,no,no,-1,0,unknown,5,no
35,blue-collar,secondary,3102,yes,no,-1,0,unknown,138,no
32,blue-collar,secondary,889,yes,no,99,5,success,185,yes
59,housemaid,secondary,0,no,no,99,4,failure,722,no
34,self-employed,secondary,-370,yes,no,-1,0,unknown,748,no
39,management,tertiary,-606,yes,no,-1,0,unknown,142,no
40,management,secondary,10378,yes,no,-1,0,unknown,523,no
36,blue-collar,primary,1313,yes,no,-1,0,unknown,8,no
40,management,tertiary,8969,yes,no,-1,0,unknown,153,no
55,self-employed,secondary,-196,yes,no,-1,0,unknown,210,no
38,entrepreneur,secondary,15,yes,no,-1,0,unknown,121,no
61,admin.,secondary,4608,no,no,-1,0,unknown,212,yes
41,management,tertiary,666,yes,no,-1,0,unknown,253,no
57,blue-collar,primary,452,yes,no,-1,0,unknown,139,no
48,blue-collar,secondary,149,yes,no,-1,0,unknown,71,no
77,retired,tertiary,7802,no,no,92,2,success,421,yes
35,services,secondary,1453,yes,no,-1,0,unknown,199,no
54,blue-collar,secondary,1480,yes,no,-1,0,unknown,108,no
37,management,unknown,715,yes,no,-1,0,unknown,247,no
56,management,secondary,237,yes,no,-1,0,unknown,236,no
40,technician,secondary,694,yes,no,196,5,failure,97,no
40,management,tertiary,0,no,no,-1,0,unknown,109,no
54,management,tertiary,55,yes,no,-1,0,unknown,112,no
55,housemaid,primary,136,yes,no,-1,0,unknown,15,no
55,services,secondary,-404,yes,no,-1,0,unknown,502,no
52,blue-collar,primary,779,yes,no,-1,0,unknown,30,no
55,blue-collar,primary,1187,yes,no,-1,0,unknown,193,no
33,management,tertiary,641,yes,no,-1,0,unknown,347,no
52,blue-collar,unknown,826,yes,no,-1,0,unknown,468,no
33,services,secondary,991,yes,no,-1,0,unknown,148,no
53,admin.,secondary,1796,no,no,91,2,success,295,yes
46,admin.,secondary,22,no,no,-1,0,unknown,388,yes
44,technician,secondary,244,yes,no,-1,0,unknown,1735,yes
48,management,tertiary,1328,yes,no,-1,0,unknown,339,no
50,housemaid,secondary,7317,yes,no,370,1,failure,172,no
34,technician,secondary,4943,yes,yes,-1,0,unknown,117,no
38,technician,secondary,258,no,yes,-1,0,unknown,587,no
42,management,tertiary,515,yes,no,-1,0,unknown,501,no
32,management,tertiary,12607,no,no,84,1,failure,203,no
58,admin.,secondary,2,yes,yes,-1,0,unknown,282,no
31,management,tertiary,13,no,no,-1,0,unknown,110,no
19,student,primary,103,no,no,-1,0,unknown,104,yes
41,management,tertiary,3872,no,no,-1,0,unknown,231,no
31,unemployed,secondary,296,yes,no,-1,0,unknown,378,no
52,self-employed,primary,217,no,yes,-1,0,unknown,193,no
42,self-employed,tertiary,360,yes,no,-1,0,unknown,110,no
41,blue-collar,secondary,428,yes,no,-1,0,unknown,92,no
30,blue-collar,secondary,315,no,no,-1,0,unknown,1407,yes
38,blue-collar,secondary,121,yes,yes,212,2,failure,168,no
32,management,tertiary,820,yes,no,-1,0,unknown,738,no
52,technician,secondary,195,yes,no,63,5,failure,220,yes
48,management,tertiary,108,yes,no,-1,0,unknown,89,no
36,management,tertiary,-381,yes,no,-1,0,unknown,30,no
45,unemployed,primary,757,no,no,325,4,failure,103,no
34,technician,tertiary,691,yes,yes,-1,0,unknown,70,no
36,blue-collar,primary,1925,yes,no,-1,0,unknown,904,yes
34,management,tertiary,902,yes,no,367,2,other,159,no
61,retired,secondary,5207,no,no,81,2,other,336,no
54,services,secondary,0,no,no,-1,0,unknown,220,no
50,entrepreneur,secondary,665,no,no,-1,0,unknown,238,no
43,admin.,secondary,738,yes,no,191,4,failure,585,no
47,blue-collar,primary,233,no,no,-1,0,unknown,293,no
45,services,secondary,-839,yes,no,-1,0,unknown,68,no
57,retired,primary,5799,no,no,-1,0,unknown,97,no
27,admin.,secondary,1033,yes,no,-1,0,unknown,1713,no
49,unemployed,secondary,66,no,no,-1,0,unknown,218,no
43,services,primary,2567,yes,no,360,2,failure,109,no
40,management,tertiary,1584,yes,no,-1,0,unknown,661,no
32,services,secondary,182,yes,no,-1,0,unknown,145,no
58,management,primary,76,yes,no,-1,0,unknown,54,no
34,admin.,secondary,663,yes,no,-1,0,unknown,111,no
46,technician,secondary,3455,yes,no,-1,0,unknown,566,no
29,blue-collar,secondary,15,no,no,-1,0,unknown,136,no
52,blue-collar,primary,1054,no,no,-1,0,unknown,273,no
45,management,tertiary,1529,no,no,-1,0,unknown,160,no
26,management,secondary,63,no,no,-1,0,unknown,76,no
40,technician,tertiary,0,no,no,-1,0,unknown,44,no
41,admin.,secondary,920,yes,yes,-1,0,unknown,239,no
47,admin.,secondary,3696,no,no,181,4,success,250,yes
27,technician,unknown,59,no,no,-1,0,unknown,792,no
27,services,secondary,0,yes,no,-1,0,unknown,198,no
48,blue-collar,secondary,157,yes,no,-1,0,unknown,73,no
49,admin.,secondary,2465,no,no,-1,0,unknown,157,no
35,blue-collar,primary,0,yes,no,-1,0,unknown,90,no
47,self-employed,secondary,2,no,no,-1,0,unknown,236,no
54,management,tertiary,0,no,no,-1,0,unknown,118,no
39,management,tertiary,12437,no,no,-1,0,unknown,40,no
28,student,secondary,378,yes,no,-1,0,unknown,346,no
54,blue-collar,primary,211,no,no,-1,0,unknown,200,no
34,technician,secondary,-228,yes,no,332,3,other,187,no
63,retired,secondary,2747,no,no,80,1,failure,113,no
42,self-employed,tertiary,1932,yes,no,-1,0,unknown,192,no
43,technician,secondary,11269,no,no,-1,0,unknown,92,no
37,admin.,secondary,1314,yes,no,85,7,success,682,no
55,blue-collar,primary,2275,no,no,-1,0,unknown,139,no
43,management,tertiary,1304,no,no,-1,0,unknown,501,yes
41,blue-collar,secondary,720,no,yes,-1,0,unknown,651,yes
47,technician,secondary,2914,yes,no,-1,0,unknown,405,no
34,technician,secondary,1464,yes,no,-1,0,unknown,350,no
28,student,secondary,11555,no,no,-1,0,unknown,125,no
36,services,secondary,-302,yes,no,-1,0,unknown,36,no
50,technician,secondary,2497,yes,no,176,1,failure,35,no
35,blue-collar,secondary,-339,yes,no,-1,0,unknown,389,no
40,technician,secondary,56,yes,yes,247,1,failure,194,no
26,self-employed,tertiary,211,no,no,-1,0,unknown,168,no
36,management,tertiary,3611,yes,no,-1,0,unknown,347,no
59,unemployed,primary,0,no,no,-1,0,unknown,3025,no
28,student,secondary,459,no,no,-1,0,unknown,83,no
46,entrepreneur,unknown,242,yes,no,-1,0,unknown,332,no
50,self-employed,secondary,1138,no,no,-1,0,unknown,219,no
53,management,tertiary,1319,yes,no,150,1,failure,427,no
81,retired,secondary,1,no,no,-1,0,unknown,65,no
35,services,secondary,67,yes,no,-1,0,unknown,192,no
58,retired,unknown,937,no,no,-1,0,unknown,155,no
44,services,secondary,0,yes,yes,-1,0,unknown,161,no
38,management,tertiary,-558,yes,no,-1,0,unknown,533,no
49,blue-collar,secondary,171,no,no,175,2,other,19,no
33,technician,tertiary,696,no,yes,176,8,failure,193,no
29,management,tertiary,361,yes,yes,-1,0,unknown,819,no
28,technician,secondary,227,no,no,-1,0,unknown,278,yes
31,admin.,secondary,236,yes,yes,-1,0,unknown,211,no
33,management,tertiary,-53,no,no,-1,0,unknown,617,no
52,technician,secondary,192,yes,no,-1,0,unknown,61,no
43,management,tertiary,38,yes,no,-1,0,unknown,197,no
32,self-employed,secondary,518,yes,no,-1,0,unknown,34,no
36,self-employed,tertiary,16,yes,yes,-1,0,unknown,95,no
41,blue-collar,secondary,-256,yes,no,-1,0,unknown,147,no
43,blue-collar,secondary,105,no,yes,-1,0,unknown,668,no
45,self-employed,tertiary,334,no,no,-1,0,unknown,87,no
39,technician,secondary,1048,no,yes,-1,0,unknown,405,no
41,services,secondary,108,yes,yes,-1,0,unknown,83,no
31,technician,secondary,660,no,no,-1,0,unknown,115,no
37,unemployed,tertiary,0,yes,no,-1,0,unknown,108,no
28,entrepreneur,unknown,1034,no,no,-1,0,unknown,113,no
47,housemaid,primary,201,yes,no,382,1,failure,58,no
37,housemaid,primary,189,no,no,-1,0,unknown,148,no
60,retired,unknown,-49,yes,no,261,2,failure,188,no
43,technician,secondary,1413,yes,no,-1,0,unknown,75,no
58,retired,tertiary,264,yes,yes,-1,0,unknown,523,no
52,entrepreneur,tertiary,54,yes,yes,-1,0,unknown,103,no
50,blue-collar,primary,12519,yes,no,147,4,success,146,no
32,services,secondary,2881,no,no,-1,0,unknown,356,yes
42,blue-collar,primary,0,yes,no,-1,0,unknown,71,no
31,admin.,secondary,88,yes,yes,-1,0,unknown,189,no
28,blue-collar,secondary,1020,yes,no,-1,0,unknown,251,no
36,technician,tertiary,119,no,no,-1,0,unknown,127,no
51,unemployed,tertiary,1594,no,no,-1,0,unknown,197,no
46,technician,tertiary,342,yes,yes,-1,0,unknown,84,no
50,services,secondary,72,no,no,-1,0,unknown,141,no
32,blue-collar,secondary,14,yes,no,-1,0,unknown,171,no
26,entrepreneur,tertiary,81,no,no,-1,0,unknown,262,no
41,self-employed,tertiary,231,no,no,-1,0,unknown,352,yes
39,technician,tertiary,1161,yes,no,336,1,failure,236,no
31,blue-collar,secondary,-45,yes,no,-1,0,unknown,184,no
28,management,tertiary,231,yes,yes,-1,0,unknown,568,no
31,management,secondary,36,no,no,-1,0,unknown,105,no
30,technician,tertiary,1570,yes,no,-1,0,unknown,260,no
35,technician,tertiary,7050,no,no,182,4,success,222,yes
33,blue-collar,primary,3704,yes,no,-1,0,unknown,447,no
30,technician,tertiary,6619,yes,no,-1,0,unknown,239,no
32,blue-collar,secondary,-84,yes,no,-1,0,unknown,426,no
40,management,tertiary,1509,no,no,58,3,failure,333,no
31,self-employed,tertiary,1134,no,no,-1,0,unknown,174,no
36,technician,secondary,146,yes,yes,-1,0,unknown,284,no
33,management,tertiary,9449,yes,no,-1,0,unknown,428,no
57,retired,secondary,374,yes,yes,-1,0,unknown,236,no
45,technician,secondary,88,no,no,-1,0,unknown,150,no
59,management,tertiary,2764,no,no,206,2,failure,237,no
30,management,tertiary,2,yes,yes,-1,0,unknown,1031,yes
33,technician,tertiary,8023,no,no,105,3,failure,107,no
52,blue-collar,secondary,289,yes,no,-1,0,unknown,45,no
83,retired,secondary,0,no,no,-1,0,unknown,140,no
58,self-employed,tertiary,1382,no,no,-1,0,unknown,700,yes
33,management,tertiary,280,no,yes,-1,0,unknown,155,no
41,blue-collar,primary,2195,yes,no,-1,0,unknown,211,no
31,self-employed,secondary,33,no,no,-1,0,unknown,165,no
35,blue-collar,secondary,275,no,yes,-1,0,unknown,144,no
27,management,tertiary,703,yes,no,-1,0,unknown,590,yes
57,admin.,unknown,887,no,no,-1,0,unknown,43,no
56,unknown,unknown,0,no,no,-1,0,unknown,471,no
53,admin.,secondary,1178,yes,no,-1,0,unknown,295,no
39,management,tertiary,2763,yes,no,-1,0,unknown,526,yes
32,entrepreneur,tertiary,890,yes,yes,-1,0,unknown,27,no
46,self-employed,secondary,548,no,no,-1,0,unknown,1181,yes
56,technician,tertiary,272,no,no,-1,0,unknown,103,no
46,management,tertiary,6269,yes,no,112,2,failure,249,no
29,entrepreneur,secondary,178,yes,no,-1,0,unknown,231,no
60,management,primary,252,yes,yes,147,3,failure,123,no
33,housemaid,tertiary,23663,yes,no,146,2,failure,199,no
27,entrepreneur,tertiary,81,no,no,199,3,failure,197,no
50,self-employed,tertiary,59,yes,no,-1,0,unknown,67,no
45,services,secondary,1343,no,yes,-1,0,unknown,220,no
58,retired,secondary,225,no,no,-1,0,unknown,122,no
59,retired,primary,0,yes,no,-1,0,unknown,104,no
58,retired,primary,2538,yes,no,-1,0,unknown,307,no
64,retired,primary,43,no,no,91,1,success,117,no
47,technician,secondary,57,no,no,342,1,success,253,no
40,management,tertiary,-117,yes,no,-1,0,unknown,770,no
36,technician,secondary,666,yes,yes,133,1,other,190,no
28,management,tertiary,0,yes,no,-1,0,unknown,767,yes
38,technician,tertiary,25,yes,no,-1,0,unknown,232,yes
53,entrepreneur,primary,1034,yes,no,170,3,other,854,no
46,blue-collar,secondary,324,yes,no,-1,0,unknown,293,no
54,technician,secondary,0,no,no,94,8,failure,986,no
32,management,tertiary,0,no,no,-1,0,unknown,66,no
55,management,primary,621,no,yes,208,1,failure,114,no
55,retired,secondary,138,no,no,-1,0,unknown,205,no
56,technician,secondary,4063,no,yes,-1,0,unknown,31,no
40,blue-collar,secondary,11084,no,no,-1,0,unknown,113,no
44,technician,secondary,310,yes,no,253,1,failure,200,no
32,entrepreneur,unknown,73,yes,no,135,1,failure,158,no
33,management,tertiary,1808,yes,no,-1,0,unknown,99,no
41,unemployed,secondary,1281,no,no,-1,0,unknown,45,no
37,technician,secondary,64,yes,no,278,2,other,239,no
58,management,tertiary,2,yes,no,-1,0,unknown,168,no
52,blue-collar,secondary,60,no,yes,-1,0,unknown,196,no
49,services,secondary,133,no,no,-1,0,unknown,319,no
44,housemaid,primary,3706,no,no,-1,0,unknown,209,no
28,admin.,unknown,174,no,no,-1,0,unknown,184,no
31,technician,secondary,251,no,yes,-1,0,unknown,156,no
37,self-employed,secondary,4153,yes,no,-1,0,unknown,35,no
30,technician,tertiary,985,yes,no,-1,0,unknown,88,no
28,services,secondary,168,no,no,140,2,success,347,yes
46,services,secondary,1550,yes,no,149,8,failure,126,no
47,management,tertiary,7708,yes,no,-1,0,unknown,157,no
35,blue-collar,primary,-12,yes,no,-1,0,unknown,212,no
80,management,primary,6483,no,no,-1,0,unknown,123,no
30,technician,tertiary,60,yes,yes,-1,0,unknown,306,no
55,technician,secondary,3339,yes,no,-1,0,unknown,63,no
22,student,tertiary,1161,no,yes,-1,0,unknown,119,no
33,blue-collar,primary,599,yes,no,-1,0,unknown,29,no
53,entrepreneur,unknown,28,no,no,-1,0,unknown,117,no
49,management,tertiary,1430,no,no,-1,0,unknown,231,no
51,retired,secondary,35,no,yes,-1,0,unknown,123,no
41,self-employed,tertiary,6000,yes,no,-1,0,unknown,265,no
34,technician,secondary,0,yes,no,-1,0,unknown,144,no
36,blue-collar,secondary,340,no,yes,-1,0,unknown,559,no
35,entrepreneur,tertiary,0,no,no,168,4,failure,74,no
29,services,secondary,3,yes,no,-1,0,unknown,183,no
40,technician,tertiary,445,yes,no,-1,0,unknown,631,no
32,management,tertiary,874,no,no,-1,0,unknown,1282,yes
48,blue-collar,secondary,705,no,no,-1,0,unknown,108,no
59,retired,unknown,1033,no,no,-1,0,unknown,1199,yes
35,self-employed,tertiary,1354,yes,no,-1,0,unknown,736,yes
33,technician,tertiary,123,no,no,-1,0,unknown,264,no
55,retired,primary,8894,no,no,-1,0,unknown,262,no
41,blue-collar,secondary,429,yes,no,-1,0,unknown,244,no
42,housemaid,primary,14752,no,no,-1,0,unknown,107,no
46,blue-collar,primary,67,no,no,-1,0,unknown,9,no
35,housemaid,secondary,39,no,no,-1,0,unknown,149,no
28,technician,tertiary,102,no,no,-1,0,unknown,321,no
25,student,secondary,1790,no,no,322,3,failure,224,no
56,management,tertiary,15311,no,no,-1,0,unknown,157,no
30,admin.,secondary,-635,no,no,-1,0,unknown,250,no
45,blue-collar,secondary,115,no,no,-1,0,unknown,209,no
40,management,tertiary,10786,no,no,-1,0,unknown,111,no
40,blue-collar,secondary,498,yes,no,298,4,failure,55,no
39,blue-collar,secondary,1045,yes,yes,-1,0,unknown,290,no
48,entrepreneur,tertiary,810,no,no,-1,0,unknown,383,no
31,technician,tertiary,-162,yes,no,-1,0,unknown,380,no
32,management,tertiary,55,no,no,-1,0,unknown,124,no
34,services,secondary,586,yes,yes,-1,0,unknown,224,no
26,technician,secondary,455,no,no,182,8,other,240,no
31,management,tertiary,1010,yes,no,364,9,other,385,no
37,management,tertiary,509,yes,no,-1,0,unknown,133,no
29,student,unknown,2929,no,no,-1,0,unknown,91,no
57,technician,secondary,3071,yes,yes,-1,0,unknown,63,no
47,management,tertiary,153,yes,no,-1,0,unknown,192,no
38,self-employed,secondary,1146,yes,no,-1,0,unknown,91,no
48,blue-collar,primary,1092,no,yes,172,8,failure,79,no
50,management,tertiary,3463,no,yes,-1,0,unknown,96,yes
33,admin.,secondary,1158,yes,no,-1,0,unknown,25,no
28,admin.,secondary,26,yes,no,-1,0,unknown,227,no
30,services,secondary,566,no,no,-1,0,unknown,110,no
52,technician,secondary,204,no,no,-1,0,unknown,134,no
36,technician,secondary,480,no,no,-1,0,unknown,213,yes
36,technician,secondary,1855,yes,no,273,1,failure,75,no
46,services,secondary,1034,no,no,-1,0,unknown,109,no
57,management,tertiary,3250,no,no,-1,0,unknown,162,no
28,management,secondary,1633,no,no,-1,0,unknown,275,yes
46,services,secondary,0,yes,no,124,1,other,154,no
55,retired,primary,3334,no,no,-1,0,unknown,632,yes
33,management,tertiary,4020,yes,yes,-1,0,unknown,251,no
53,management,secondary,66,no,yes,-1,0,unknown,141,no
41,technician,secondary,-41,yes,yes,-1,0,unknown,154,no
60,blue-collar,secondary,322,yes,no,-1,0,unknown,63,no
35,entrepreneur,primary,2643,no,yes,-1,0,unknown,259,no
43,blue-collar,primary,49,yes,no,-1,0,unknown,100,no
57,admin.,primary,1,no,no,-1,0,unknown,17,no
46,admin.,secondary,3098,yes,no,-1,0,unknown,192,no
31,blue-collar,primary,352,yes,no,-1,0,unknown,97,no
53,technician,secondary,65,no,no,-1,0,unknown,41,no
35,blue-collar,secondary,1949,yes,no,-1,0,unknown,200,no
32,admin.,secondary,739,yes,no,-1,0,unknown,91,no
48,management,tertiary,1167,yes,yes,-1,0,unknown,264,yes
50,admin.,secondary,231,yes,no,-1,0,unknown,397,no
40,blue-collar,primary,1136,yes,no,-1,0,unknown,86,no
42,entrepreneur,tertiary,233,no,no,-1,0,unknown,446,no
59,admin.,secondary,817,no,no,-1,0,unknown,304,no
27,blue-collar,primary,1128,yes,no,-1,0,unknown,88,no
32,management,tertiary,1831,yes,no,-1,0,unknown,86,no
35,technician,secondary,450,yes,no,-1,0,unknown,63,no
28,services,secondary,0,yes,no,281,8,failure,335,no
37,management,secondary,414,no,no,162,4,failure,293,no
57,management,primary,1052,yes,no,-1,0,unknown,227,no
42,admin.,secondary,1022,yes,no,-1,0,unknown,146,no
55,admin.,primary,343,yes,no,-1,0,unknown,276,no
52,management,tertiary,1944,yes,no,323,2,failure,238,no
26,blue-collar,secondary,-32,yes,yes,-1,0,unknown,14,no
52,technician,secondary,1781,yes,no,-1,0,unknown,144,no
26,management,tertiary,350,no,no,-1,0,unknown,367,no
33,unemployed,secondary,2,yes,no,-1,0,unknown,132,no
24,blue-collar,primary,111,yes,yes,-1,0,unknown,42,no
37,management,tertiary,168,yes,no,-1,0,unknown,227,no
28,technician,secondary,3,no,no,349,6,failure,40,no
30,technician,secondary,102,yes,no,-1,0,unknown,614,no
33,blue-collar,primary,0,yes,no,-1,0,unknown,270,no
55,unknown,primary,159,no,no,-1,0,unknown,15,no
33,blue-collar,secondary,1134,yes,no,-1,0,unknown,304,no
42,blue-collar,secondary,352,yes,no,-1,0,unknown,79,no
37,management,tertiary,865,yes,no,-1,0,unknown,101,no
59,blue-collar,primary,179,yes,no,-1,0,unknown,55,no
27,blue-collar,secondary,5,yes,no,-1,0,unknown,205,no
23,student,tertiary,-230,yes,no,-1,0,unknown,259,no
51,management,tertiary,0,no,no,-1,0,unknown,60,no
50,blue-collar,primary,3924,yes,no,-1,0,unknown,122,no
43,technician,secondary,764,yes,no,-1,0,unknown,557,no
37,blue-collar,primary,511,yes,no,-1,0,unknown,42,no
34,management,tertiary,4348,yes,no,-1,0,unknown,373,no
41,management,tertiary,3016,yes,no,-1,0,unknown,80,no
26,student,secondary,279,no,no,-1,0,unknown,239,no
49,management,tertiary,1405,no,no,-1,0,unknown,29,no
29,blue-collar,secondary,908,yes,no,-1,0,unknown,1663,yes
30,management,tertiary,162,yes,no,-1,0,unknown,186,no
38,services,secondary,792,no,no,-1,0,unknown,430,no
58,management,secondary,111,no,no,-1,0,unknown,58,no
34,student,unknown,1281,no,no,117,1,failure,279,no
53,services,unknown,1012,yes,no,-1,0,unknown,332,no
50,management,tertiary,2881,no,no,2,5,other,510,no
30,blue-collar,secondary,445,yes,no,330,2,failure,218,no
40,management,secondary,643,yes,no,256,1,failure,74,no
57,housemaid,secondary,254,no,no,-1,0,unknown,676,no
40,management,tertiary,-1212,yes,no,333,18,failure,1259,no
41,technician,secondary,2125,yes,yes,116,4,failure,285,no
53,technician,unknown,629,yes,no,-1,0,unknown,298,no
48,blue-collar,secondary,-202,yes,yes,-1,0,unknown,225,no
32,technician,secondary,271,yes,no,268,2,other,80,no
34,management,tertiary,703,yes,no,-1,0,unknown,342,yes
46,blue-collar,secondary,-216,yes,no,-1,0,unknown,404,no
45,services,secondary,88,no,yes,-1,0,unknown,332,no
51,admin.,tertiary,16,yes,no,-1,0,unknown,158,no
31,management,secondary,466,yes,no,-1,0,unknown,164,no
47,technician,secondary,-75,yes,no,247,1,other,57,no
32,blue-collar,secondary,456,no,no,-1,0,unknown,121,no
41,technician,secondary,77,yes,no,-1,0,unknown,56,no
37,services,secondary,-244,no,no,-1,0,unknown,178,no
27,blue-collar,primary,1209,no,no,-1,0,unknown,283,no
27,services,secondary,58,yes,no,337,2,other,113,no
50,management,secondary,421,no,no,-1,0,unknown,22,no
31,management,tertiary,112,yes,no,271,1,failure,159,no
40,self-employed,tertiary,13669,no,no,136,8,other,138,no
43,management,tertiary,1429,yes,no,198,2,other,1015,yes
39,technician,tertiary,794,no,no,-1,0,unknown,182,no
31,entrepreneur,tertiary,1957,no,no,-1,0,unknown,112,no
48,technician,secondary,454,yes,no,-1,0,unknown,114,no
32,blue-collar,primary,882,no,yes,-1,0,unknown,80,no
47,unemployed,primary,168,yes,no,241,1,other,66,no
35,management,tertiary,714,yes,no,-1,0,unknown,135,no
42,management,tertiary,0,no,no,-1,0,unknown,99,no
47,blue-collar,secondary,1996,no,no,-1,0,unknown,761,yes
59,retired,secondary,163,no,no,-1,0,unknown,464,no
38,admin.,secondary,3190,yes,no,-1,0,unknown,20,no
50,unemployed,secondary,1772,no,no,-1,0,unknown,206,no
27,services,secondary,-151,no,no,-1,0,unknown,283,no
55,housemaid,primary,16,no,no,-1,0,unknown,64,no
39,services,secondary,7066,yes,no,357,3,other,667,yes
31,technician,tertiary,454,no,no,-1,0,unknown,73,no
37,entrepreneur,tertiary,4798,yes,no,-1,0,unknown,156,no
28,technician,secondary,-298,yes,no,-1,0,unknown,559,no
42,technician,secondary,439,no,no,-1,0,unknown,143,no
40,services,secondary,1927,yes,no,-1,0,unknown,62,no
59,management,secondary,671,yes,yes,259,5,failure,219,no
40,services,secondary,65,yes,no,-1,0,unknown,15,no
43,technician,secondary,-932,yes,no,-1,0,unknown,567,no
38,technician,secondary,4366,yes,no,-1,0,unknown,188,no
54,retired,primary,0,yes,no,-1,0,unknown,159,no
41,blue-collar,secondary,4900,yes,no,-1,0,unknown,121,no
55,housemaid,primary,976,no,no,94,3,other,345,yes
33,management,tertiary,148,no,no,-1,0,unknown,717,no
46,blue-collar,secondary,5,no,no,-1,0,unknown,71,no
36,management,secondary,-148,no,no,-1,0,unknown,144,no
48,technician,tertiary,113,no,yes,-1,0,unknown,38,no
42,management,secondary,-105,yes,no,-1,0,unknown,60,no
46,management,tertiary,624,no,no,183,2,success,336,yes
49,technician,secondary,-1680,yes,yes,-1,0,unknown,92,no
36,blue-collar,secondary,-461,no,no,353,1,failure,254,no
34,technician,tertiary,144,yes,yes,85,19,failure,104,no
51,entrepreneur,tertiary,4,yes,yes,-1,0,unknown,74,no
58,blue-collar,primary,309,no,no,-1,0,unknown,156,no
48,management,tertiary,866,no,no,-1,0,unknown,146,no
41,admin.,secondary,1020,yes,no,-1,0,unknown,882,yes
49,self-employed,primary,489,yes,no,-1,0,unknown,84,no
43,management,primary,8167,yes,no,-1,0,unknown,114,no
32,blue-collar,secondary,-255,no,yes,-1,0,unknown,957,no
54,retired,secondary,3671,no,no,-1,0,unknown,67,no
33,blue-collar,primary,636,yes,no,-1,0,unknown,211,no
35,technician,secondary,141,yes,no,-1,0,unknown,299,no
56,technician,secondary,150,yes,yes,349,1,failure,102,no
57,technician,secondary,839,no,yes,-1,0,unknown,225,no
31,housemaid,primary,26965,no,no,-1,0,unknown,654,yes
33,technician,secondary,716,yes,no,-1,0,unknown,234,no
29,technician,tertiary,2485,no,no,-1,0,unknown,48,no
38,management,tertiary,15030,yes,no,174,7,other,167,no
37,admin.,secondary,11303,no,no,-1,0,unknown,500,no
33,entrepreneur,tertiary,595,no,no,-1,0,unknown,22,no
30,management,tertiary,19358,no,no,-1,0,unknown,258,no
31,self-employed,secondary,203,no,yes,-1,0,unknown,177,no
28,technician,tertiary,183,yes,yes,-1,0,unknown,62,no
26,admin.,secondary,255,no,no,80,1,success,457,yes
31,technician,secondary,102,yes,no,345,2,failure,460,no
50,housemaid,primary,94,yes,no,-1,0,unknown,184,no
45,entrepreneur,primary,58,yes,no,371,3,failure,119,no
48,management,primary,606,no,no,-1,0,unknown,77,no
41,technician,secondary,0,no,yes,-1,0,unknown,107,no
60,technician,primary,65,yes,no,-1,0,unknown,1028,yes
41,blue-collar,secondary,338,yes,no,-1,0,unknown,87,no
43,blue-collar,primary,757,yes,no,-1,0,unknown,315,no
36,management,tertiary,9269,yes,yes,-1,0,unknown,107,no
40,blue-collar,primary,1206,no,yes,-1,0,unknown,201,no
28,management,tertiary,882,no,yes,205,2,failure,94,no
27,student,tertiary,5291,no,no,92,2,failure,192,yes
49,management,secondary,61,yes,no,246,1,failure,185,no
37,technician,tertiary,0,yes,no,-1,0,unknown,77,no
31,blue-collar,secondary,1407,yes,no,-1,0,unknown,142,no
31,technician,secondary,25,no,no,-1,0,unknown,381,no
31,blue-collar,secondary,1354,yes,yes,-1,0,unknown,222,no
35,blue-collar,primary,793,yes,no,-1,0,unknown,106,no
51,blue-collar,unknown,10287,yes,no,-1,0,unknown,117,no
33,technician,secondary,5235,no,no,-1,0,unknown,67,no
30,technician,tertiary,3,yes,no,169,2,failure,45,no
58,technician,secondary,409,no,yes,-1,0,unknown,643,no
34,admin.,tertiary,35,yes,no,69,2,failure,76,no
45,management,tertiary,-459,no,no,-1,0,unknown,508,no
28,services,secondary,198,no,no,-1,0,unknown,128,yes
31,blue-collar,primary,99,yes,no,322,1,other,193,no
40,management,tertiary,60,no,no,-1,0,unknown,172,no
30,services,secondary,3485,no,no,-1,0,unknown,142,no
34,entrepreneur,secondary,-139,yes,yes,-1,0,unknown,492,no
40,blue-collar,secondary,952,no,yes,-1,0,unknown,140,no
59,retired,primary,1427,no,no,-1,0,unknown,140,no
43,technician,tertiary,1017,yes,no,-1,0,unknown,257,no
41,management,tertiary,-29,no,no,266,2,failure,41,no
33,technician,secondary,9,no,no,-1,0,unknown,91,no
33,management,secondary,4040,yes,no,-1,0,unknown,132,no
36,blue-collar,secondary,13,no,no,-1,0,unknown,284,no
32,self-employed,secondary,1259,no,no,-1,0,unknown,184,no
25,admin.,secondary,18,yes,no,-1,0,unknown,225,no
25,blue-collar,secondary,-76,yes,no,-1,0,unknown,241,no
38,technician,tertiary,221,no,no,-1,0,unknown,79,no
34,management,tertiary,136,yes,no,-1,0,unknown,156,no
67,blue-collar,secondary,16353,no,no,-1,0,unknown,223,no
32,blue-collar,secondary,-63,yes,no,-1,0,unknown,198,no
45,housemaid,primary,7353,no,no,-1,0,unknown,536,no
33,blue-collar,primary,511,yes,no,-1,0,unknown,304,no
38,admin.,primary,3913,yes,no,315,2,failure,196,no
32,technician,secondary,1097,yes,no,-1,0,unknown,298,no
54,retired,tertiary,6102,yes,yes,-1,0,unknown,86,no
51,admin.,secondary,340,yes,no,-1,0,unknown,186,no
42,blue-collar,primary,-119,yes,no,-1,0,unknown,167,no
41,admin.,secondary,2993,yes,no,-1,0,unknown,24,no
39,management,tertiary,3575,no,yes,-1,0,unknown,74,no
38,blue-collar,secondary,361,yes,no,-1,0,unknown,601,no
39,management,secondary,1072,yes,no,-1,0,unknown,1168,no
46,blue-collar,primary,2904,no,no,-1,0,unknown,277,no
50,entrepreneur,tertiary,1790,no,yes,-1,0,unknown,748,no
33,blue-collar,secondary,86,yes,no,-1,0,unknown,364,no
37,technician,secondary,1633,yes,no,-1,0,unknown,229,no
31,management,tertiary,8312,no,no,-1,0,unknown,43,no
34,blue-collar,unknown,172,no,no,-1,0,unknown,177,yes
34,management,tertiary,0,yes,no,99,2,success,262,yes
36,management,tertiary,222,yes,no,169,2,failure,317,no
40,technician,secondary,109,no,no,-1,0,unknown,402,no
40,blue-collar,secondary,1451,no,no,-1,0,unknown,314,yes
41,technician,secondary,1066,no,no,-1,0,unknown,109,yes
52,management,tertiary,3163,no,no,-1,0,unknown,56,no
40,services,secondary,888,yes,no,-1,0,unknown,169,no
48,blue-collar,unknown,428,yes,no,-1,0,unknown,127,no
33,management,secondary,106,no,no,-1,0,unknown,175,no
44,technician,secondary,0,no,no,-1,0,unknown,56,no
55,management,tertiary,979,no,yes,-1,0,unknown,123,no
51,admin.,secondary,2662,no,no,-1,0,unknown,148,no
34,management,tertiary,84,no,no,-1,0,unknown,231,no
58,retired,unknown,5920,yes,no,-1,0,unknown,255,no
39,management,tertiary,816,yes,no,-1,0,unknown,37,no
27,unemployed,secondary,3276,no,no,110,2,other,106,no
55,management,unknown,2,yes,no,-1,0,unknown,95,no
35,technician,secondary,-51,no,no,-1,0,unknown,134,no
37,technician,tertiary,3315,yes,no,-1,0,unknown,820,no
52,technician,secondary,196,yes,yes,273,3,failure,116,no
41,blue-collar,secondary,552,yes,no,-1,0,unknown,463,no
52,admin.,secondary,2347,no,yes,-1,0,unknown,603,no
34,blue-collar,secondary,3723,yes,no,-1,0,unknown,47,no
53,management,primary,255,no,no,-1,0,unknown,126,no
33,management,tertiary,3143,no,no,-1,0,unknown,421,yes
47,self-employed,secondary,0,no,no,-1,0,unknown,174,no
35,blue-collar,secondary,6411,yes,yes,266,2,failure,144,no
33,management,tertiary,1909,no,no,-1,0,unknown,191,no
55,blue-collar,primary,3873,no,no,-1,0,unknown,222,no
58,self-employed,primary,1013,yes,no,461,1,failure,206,yes
44,admin.,secondary,262,yes,no,-1,0,unknown,74,no
25,services,secondary,3217,yes,no,-1,0,unknown,24,no
37,technician,secondary,5436,yes,no,351,1,failure,7,no
41,blue-collar,primary,2067,yes,no,-1,0,unknown,493,no
34,blue-collar,secondary,215,no,no,-1,0,unknown,350,yes
36,services,secondary,1594,no,no,-1,0,unknown,250,no
44,self-employed,tertiary,134,no,no,-1,0,unknown,86,no
34,entrepreneur,tertiary,262,no,no,-1,0,unknown,371,no
56,blue-collar,primary,3021,no,no,-1,0,unknown,419,no
43,management,tertiary,388,yes,no,-1,0,unknown,2087,yes
28,blue-collar,secondary,3412,yes,no,-1,0,unknown,22,no
54,blue-collar,secondary,1291,yes,no,-1,0,unknown,266,no
37,technician,secondary,79,no,no,-1,0,unknown,191,no
59,self-employed,tertiary,2013,no,no,94,2,success,222,yes
58,blue-collar,secondary,543,no,yes,-1,0,unknown,264,no
56,management,tertiary,1016,yes,no,-1,0,unknown,184,no
32,blue-collar,secondary,604,no,yes,-1,0,unknown,95,no
42,management,tertiary,525,no,no,-1,0,unknown,127,no
52,retired,primary,353,no,no,-1,0,unknown,395,no
46,management,tertiary,964,yes,no,-1,0,unknown,174,no
37,admin.,tertiary,3913,yes,no,-1,0,unknown,124,yes
39,blue-collar,primary,879,yes,no,-1,0,unknown,102,no
31,admin.,secondary,314,yes,no,-1,0,unknown,279,no
59,housemaid,primary,0,no,no,-1,0,unknown,76,no
38,blue-collar,secondary,1370,yes,no,-1,0,unknown,472,no
58,management,secondary,37,no,no,-1,0,unknown,84,no
34,management,tertiary,673,yes,yes,184,1,failure,271,no
40,services,secondary,-342,yes,no,-1,0,unknown,754,no
20,student,secondary,291,no,no,371,5,failure,172,no
34,technician,secondary,209,yes,yes,-1,0,unknown,375,no
31,technician,tertiary,438,yes,no,-1,0,unknown,130,no
39,admin.,secondary,1242,yes,no,-1,0,unknown,303,no
34,entrepreneur,tertiary,355,yes,no,-1,0,unknown,261,no
24,blue-collar,secondary,204,yes,yes,-1,0,unknown,229,no
41,management,tertiary,10758,yes,no,-1,0,unknown,288,no
40,management,tertiary,5,yes,no,-1,0,unknown,219,no
45,technician,secondary,410,yes,no,-1,0,unknown,891,yes
36,management,tertiary,605,yes,no,-1,0,unknown,204,no
53,management,tertiary,4,no,no,-1,0,unknown,19,no
23,student,secondary,8494,no,no,-1,0,unknown,158,no
42,entrepreneur,primary,198,yes,no,-1,0,unknown,314,no
48,blue-collar,secondary,841,yes,no,-1,0,unknown,215,no
34,management,tertiary,8,no,no,-1,0,unknown,169,no
36,admin.,secondary,470,yes,no,-1,0,unknown,101,no
43,retired,secondary,520,yes,no,-1,0,unknown,15,no
36,blue-collar,secondary,439,yes,no,-1,0,unknown,260,no
49,blue-collar,secondary,-454,yes,no,-1,0,unknown,558,yes
55,retired,secondary,466,no,no,-1,0,unknown,287,no
53,retired,secondary,665,yes,no,-1,0,unknown,371,yes
42,technician,secondary,994,yes,no,78,5,failure,149,yes
45,admin.,secondary,5346,yes,yes,-1,0,unknown,187,yes
31,blue-collar,secondary,1243,yes,no,-1,0,unknown,32,no
32,admin.,tertiary,0,yes,no,-1,0,unknown,138,no
36,blue-collar,secondary,2357,yes,no,-1,0,unknown,228,no
56,retired,secondary,1044,no,no,-1,0,unknown,353,yes
46,admin.,secondary,1069,yes,no,-1,0,unknown,45,no
41,housemaid,secondary,231,no,no,-1,0,unknown,76,no
31,admin.,secondary,0,yes,yes,-1,0,unknown,144,no
32,technician,secondary,266,yes,no,-1,0,unknown,168,no
38,management,tertiary,-70,yes,no,2,3,other,140,no
49,retired,primary,25824,no,no,-1,0,unknown,94,no
46,management,primary,538,no,no,-1,0,unknown,118,no
29,technician,secondary,534,yes,no,-1,0,unknown,382,no
36,admin.,unknown,2323,no,no,-1,0,unknown,111,no
38,admin.,secondary,1852,yes,no,-1,0,unknown,298,no
53,technician,secondary,2647,yes,no,-1,0,unknown,121,no
43,management,tertiary,2767,yes,no,-1,0,unknown,317,no
41,management,tertiary,176,yes,yes,-1,0,unknown,42,no
42,management,secondary,9720,no,no,-1,0,unknown,81,no
55,blue-collar,secondary,1613,yes,no,270,3,failure,296,yes
39,admin.,secondary,2903,yes,yes,-1,0,unknown,259,no
30,admin.,secondary,81,yes,no,112,3,other,121,no
41,blue-collar,secondary,780,yes,no,-1,0,unknown,432,no
44,unemployed,tertiary,178,no,no,-1,0,unknown,126,no
58,management,tertiary,299,no,no,-1,0,unknown,120,no
35,retired,primary,285,yes,no,-1,0,unknown,136,no
27,blue-collar,secondary,872,yes,no,-1,0,unknown,1130,no
34,services,secondary,1337,no,no,127,3,success,330,yes
25,services,secondary,72,yes,no,-1,0,unknown,305,no
36,blue-collar,secondary,0,no,no,-1,0,unknown,332,no
38,blue-collar,secondary,-388,yes,no,-1,0,unknown,412,no
30,admin.,secondary,11,yes,no,-1,0,unknown,157,no
47,blue-collar,secondary,-535,yes,no,-1,0,unknown,71,no
41,services,secondary,787,yes,no,-1,0,unknown,297,no
36,management,tertiary,3343,no,no,-1,0,unknown,307,no
63,entrepreneur,secondary,3904,no,no,187,2,success,250,yes
23,management,tertiary,736,yes,no,-1,0,unknown,119,no
32,management,tertiary,1390,no,no,-1,0,unknown,116,no
57,retired,primary,808,no,no,-1,0,unknown,274,no
48,management,tertiary,1147,no,no,64,2,success,389,yes
49,services,secondary,1122,no,no,-1,0,unknown,143,no
50,technician,secondary,-568,yes,yes,-1,0,unknown,860,no
33,blue-collar,primary,1165,yes,no,-1,0,unknown,420,no
53,services,secondary,-905,yes,no,-1,0,unknown,213,no
30,unemployed,tertiary,0,yes,no,-1,0,unknown,756,no
38,technician,secondary,740,no,no,-1,0,unknown,259,no
44,management,secondary,8262,yes,no,-1,0,unknown,201,no
39,admin.,secondary,14,yes,yes,-1,0,unknown,19,no
45,technician,unknown,7108,yes,yes,172,3,failure,53,no
36,blue-collar,secondary,1049,yes,no,-1,0,unknown,224,yes
38,blue-collar,secondary,0,yes,no,349,1,other,57,no
36,housemaid,secondary,419,yes,no,-1,0,unknown,251,no
30,management,tertiary,726,yes,no,342,3,failure,39,no
28,technician,tertiary,594,yes,yes,-1,0,unknown,54,no
26,unemployed,tertiary,454,yes,yes,-1,0,unknown,28,no
54,unknown,secondary,2206,no,no,99,2,other,104,yes
38,admin.,tertiary,1988,no,no,130,2,failure,164,yes
32,technician,tertiary,0,no,no,-1,0,unknown,268,no
50,admin.,secondary,202,no,yes,-1,0,unknown,148,no
43,blue-collar,secondary,667,yes,no,-1,0,unknown,228,no
48,admin.,secondary,112,no,no,-1,0,unknown,139,no
57,housemaid,primary,50,no,no,-1,0,unknown,89,no
64,housemaid,primary,768,no,no,182,1,success,250,no
26,services,secondary,74,yes,no,-1,0,unknown,106,no
33,blue-collar,secondary,661,yes,no,-1,0,unknown,968,yes
50,self-employed,secondary,3025,no,yes,-1,0,unknown,168,no
47,self-employed,tertiary,751,no,no,-1,0,unknown,408,no
39,management,tertiary,416,no,no,-1,0,unknown,56,no
52,services,primary,14,no,yes,-1,0,unknown,55,no
31,blue-collar,primary,-502,yes,no,-1,0,unknown,76,no
50,blue-collar,primary,0,no,no,-1,0,unknown,72,no
47,technician,secondary,599,yes,no,-1,0,unknown,99,no
30,management,tertiary,-218,yes,no,-1,0,unknown,13,no
32,technician,tertiary,1012,no,no,-1,0,unknown,178,no
36,technician,secondary,300,no,no,-1,0,unknown,287,no
46,technician,tertiary,217,yes,no,346,2,other,141,no
45,management,tertiary,2096,no,no,100,2,failure,127,no
37,technician,secondary,0,no,no,-1,0,unknown,69,no
58,housemaid,primary,5278,yes,no,-1,0,unknown,763,no
59,management,tertiary,1831,no,no,92,1,failure,122,no
28,management,tertiary,1480,yes,no,-1,0,unknown,143,no
48,management,tertiary,7289,yes,no,-1,0,unknown,316,no
55,blue-collar,unknown,1665,no,no,-1,0,unknown,89,no
37,blue-collar,primary,851,yes,no,352,1,failure,151,no
41,management,tertiary,2885,no,no,-1,0,unknown,40,no
35,blue-collar,secondary,137,no,yes,808,12,failure,5,no
34,blue-collar,secondary,1239,yes,no,-1,0,unknown,90,no
43,management,tertiary,146,no,no,113,5,other,50,no
59,technician,secondary,1,no,no,378,3,failure,159,yes
50,blue-collar,primary,-10,no,yes,-1,0,unknown,369,no
37,technician,secondary,480,no,no,182,8,other,344,yes
35,technician,secondary,2789,yes,no,94,1,failure,256,no
50,technician,secondary,3897,no,no,-1,0,unknown,298,no
36,technician,secondary,487,no,yes,-1,0,unknown,268,no
41,admin.,secondary,5110,yes,no,-1,0,unknown,231,no
28,management,tertiary,318,yes,no,-1,0,unknown,4,no
42,technician,tertiary,-411,yes,no,292,3,failure,78,no
60,retired,secondary,4820,no,no,-1,0,unknown,419,no
28,management,tertiary,4937,yes,no,-1,0,unknown,421,no
48,entrepreneur,secondary,725,no,yes,-1,0,unknown,105,no
51,entrepreneur,tertiary,5403,no,no,-1,0,unknown,42,no
32,technician,tertiary,4089,no,no,287,3,failure,114,no
35,technician,tertiary,188,no,no,-1,0,unknown,286,no
37,technician,unknown,189,no,no,107,2,success,238,yes
38,blue-collar,secondary,2998,yes,no,-1,0,unknown,91,no
77,retired,secondary,610,no,no,-1,0,unknown,766,no
32,management,unknown,787,no,no,-1,0,unknown,92,no
43,technician,secondary,167,no,no,-1,0,unknown,211,no
36,management,tertiary,243,yes,no,360,3,failure,160,no
29,management,tertiary,877,no,no,-1,0,unknown,166,no
32,admin.,secondary,2817,yes,no,-1,0,unknown,195,no
41,management,tertiary,4567,yes,yes,-1,0,unknown,106,no
26,services,secondary,127,yes,yes,-1,0,unknown,85,no
34,blue-collar,primary,176,no,no,-1,0,unknown,78,no
57,retired,tertiary,0,yes,yes,-1,0,unknown,648,yes
36,services,secondary,1482,yes,no,174,1,other,177,no
42,blue-collar,secondary,3052,yes,no,-1,0,unknown,32,no
35,technician,secondary,56,no,no,-1,0,unknown,24,no
52,entrepreneur,primary,278,yes,no,-1,0,unknown,688,no
36,management,tertiary,3875,yes,no,-1,0,unknown,21,no
46,technician,secondary,-337,yes,no,-1,0,unknown,112,no
60,management,tertiary,366,no,no,-1,0,unknown,593,yes
57,housemaid,primary,501,yes,yes,-1,0,unknown,59,no
48,management,tertiary,998,yes,no,-1,0,unknown,121,no
59,self-employed,primary,0,yes,no,-1,0,unknown,97,no
39,management,tertiary,246,no,no,-1,0,unknown,86,no
44,blue-collar,secondary,-182,yes,yes,-1,0,unknown,10,no
27,management,tertiary,446,no,no,-1,0,unknown,205,no
59,retired,secondary,1173,no,no,-1,0,unknown,77,no
36,technician,secondary,5957,yes,no,-1,0,unknown,138,no
44,admin.,secondary,205,no,no,-1,0,unknown,289,yes
50,admin.,secondary,0,no,no,-1,0,unknown,86,no
41,management,tertiary,369,yes,no,-1,0,unknown,9,no
47,admin.,secondary,1934,no,yes,364,1,failure,225,no
32,technician,tertiary,259,no,no,-1,0,unknown,407,no
38,blue-collar,secondary,284,yes,yes,-1,0,unknown,1030,no
55,blue-collar,unknown,23,no,no,-1,0,unknown,123,no
38,management,tertiary,1373,no,no,-1,0,unknown,119,no
31,management,tertiary,62,yes,no,293,5,failure,175,no
38,blue-collar,secondary,157,no,no,-1,0,unknown,299,no
29,unemployed,tertiary,991,no,no,-1,0,unknown,563,no
55,services,secondary,186,yes,yes,-1,0,unknown,241,no
35,unemployed,secondary,977,yes,no,91,1,other,52,no
40,self-employed,tertiary,2893,no,no,-1,0,unknown,76,no
34,blue-collar,secondary,1897,yes,yes,-1,0,unknown,441,no
32,technician,tertiary,5514,no,no,182,1,success,319,yes
33,blue-collar,secondary,889,yes,no,373,6,success,13,no
33,management,tertiary,273,yes,no,-1,0,unknown,803,yes
37,admin.,secondary,1193,no,no,-1,0,unknown,396,no
58,management,tertiary,2729,no,no,-1,0,unknown,188,no
36,admin.,secondary,0,no,no,-1,0,unknown,637,no
42,blue-collar,secondary,230,yes,no,-1,0,unknown,175,no
34,technician,secondary,2729,yes,no,139,1,success,945,no
35,management,tertiary,317,yes,no,-1,0,unknown,162,no
60,housemaid,primary,517,no,no,-1,0,unknown,1178,no
50,management,tertiary,-470,yes,no,170,3,failure,506,no
28,self-employed,tertiary,4579,no,no,-1,0,unknown,409,yes
27,blue-collar,secondary,1,yes,no,-1,0,unknown,116,no
37,management,tertiary,5106,no,no,-1,0,unknown,244,yes
31,technician,tertiary,636,yes,no,-1,0,unknown,352,yes
34,services,secondary,1076,no,no,182,6,success,152,yes
38,management,tertiary,126,yes,no,-1,0,unknown,164,no
32,self-employed,secondary,-33,yes,no,-1,0,unknown,234,no
37,technician,secondary,430,no,no,-1,0,unknown,154,no
33,admin.,secondary,-6,yes,no,-1,0,unknown,566,no
71,technician,tertiary,383,no,no,183,3,success,327,no
27,technician,secondary,130,yes,no,-1,0,unknown,265,no
38,blue-collar,primary,2569,no,no,-1,0,unknown,172,no
34,technician,secondary,201,no,no,-1,0,unknown,257,no
54,retired,tertiary,0,no,no,-1,0,unknown,618,yes
30,blue-collar,secondary,6,yes,no,-1,0,unknown,241,no
35,entrepreneur,secondary,475,no,yes,-1,0,unknown,936,no
33,blue-collar,secondary,706,yes,no,322,1,failure,329,no
36,management,secondary,1825,yes,no,346,1,failure,24,no
59,self-employed,tertiary,185,no,no,138,1,failure,177,no
72,blue-collar,primary,4415,no,no,-1,0,unknown,120,no
64,management,tertiary,679,no,no,-1,0,unknown,135,no
53,technician,secondary,320,no,no,-1,0,unknown,175,no
35,management,tertiary,2988,yes,no,-1,0,unknown,179,no
58,self-employed,secondary,1407,yes,no,-1,0,unknown,58,no
40,technician,secondary,1270,no,no,-1,0,unknown,342,no
41,services,secondary,654,yes,no,-1,0,unknown,139,no
48,retired,primary,5173,yes,no,-1,0,unknown,88,no
44,entrepreneur,tertiary,3463,yes,yes,-1,0,unknown,210,no
39,blue-collar,unknown,0,no,no,193,3,failure,731,no
61,management,tertiary,6016,no,no,-1,0,unknown,670,yes
36,entrepreneur,primary,177,yes,no,-1,0,unknown,63,no
28,management,tertiary,3694,no,yes,-1,0,unknown,70,no
58,retired,secondary,1640,no,yes,274,4,failure,72,no
60,admin.,secondary,174,yes,no,364,1,failure,241,no
66,admin.,secondary,10177,no,no,-1,0,unknown,272,no
36,management,tertiary,490,no,no,98,1,failure,207,yes
49,self-employed,secondary,2576,yes,no,-1,0,unknown,64,no
40,services,secondary,0,no,no,-1,0,unknown,543,no
23,technician,secondary,598,no,no,-1,0,unknown,166,no
29,management,tertiary,15459,no,no,97,7,success,245,no
44,blue-collar,primary,271,yes,yes,-1,0,unknown,94,no
54,unknown,unknown,2508,no,no,-1,0,unknown,34,no
47,blue-collar,primary,320,no,no,-1,0,unknown,203,no
33,admin.,tertiary,640,no,no,-1,0,unknown,318,no
30,self-employed,secondary,1772,yes,no,-1,0,unknown,158,no
27,admin.,secondary,15,no,yes,-1,0,unknown,177,no
49,management,tertiary,2370,yes,yes,103,2,other,56,no
27,services,secondary,201,yes,no,-1,0,unknown,172,no
51,blue-collar,secondary,160,yes,no,359,1,failure,136,no
32,admin.,secondary,5,yes,yes,363,2,other,82,no
30,blue-collar,secondary,75,yes,no,-1,0,unknown,123,no
33,admin.,secondary,4902,yes,no,-1,0,unknown,110,no
27,blue-collar,primary,-79,yes,no,-1,0,unknown,385,no
75,retired,secondary,1341,no,no,-1,0,unknown,415,yes
37,services,secondary,490,yes,no,-1,0,unknown,73,no
36,technician,secondary,1521,yes,no,-1,0,unknown,243,no
37,blue-collar,secondary,131,yes,no,-1,0,unknown,137,no
35,management,tertiary,8,yes,no,-1,0,unknown,55,no
32,services,secondary,-632,yes,yes,-1,0,unknown,18,no
32,admin.,secondary,116,no,yes,-1,0,unknown,255,no
35,admin.,primary,189,yes,no,-1,0,unknown,95,no
31,blue-collar,primary,2,yes,yes,-1,0,unknown,112,no
28,blue-collar,secondary,4229,yes,yes,-1,0,unknown,205,no
27,services,secondary,54,yes,no,370,1,failure,97,no
22,student,unknown,549,no,no,-1,0,unknown,154,no
35,blue-collar,primary,298,yes,no,370,2,failure,135,no
69,retired,primary,579,no,no,-1,0,unknown,230,no
37,entrepreneur,tertiary,1467,yes,yes,-1,0,unknown,349,no
45,admin.,secondary,0,yes,no,-1,0,unknown,38,no
47,management,tertiary,109,yes,no,-1,0,unknown,268,no
52,management,tertiary,-11,yes,no,-1,0,unknown,94,no
33,services,secondary,90,yes,no,-1,0,unknown,263,no
60,blue-collar,primary,493,no,no,-1,0,unknown,671,yes
33,management,secondary,1897,yes,yes,-1,0,unknown,197,no
44,admin.,secondary,2403,yes,no,-1,0,unknown,180,no
38,entrepreneur,secondary,868,no,no,-1,0,unknown,452,no
54,entrepreneur,secondary,653,yes,no,-1,0,unknown,352,no
32,unemployed,primary,0,no,no,-1,0,unknown,175,no
33,technician,secondary,0,yes,yes,-1,0,unknown,163,no
55,services,secondary,218,yes,no,-1,0,unknown,200,no
51,blue-collar,primary,5050,no,yes,-1,0,unknown,75,no
48,blue-collar,secondary,741,yes,no,-1,0,unknown,227,no
37,services,secondary,1050,yes,no,-1,0,unknown,586,no
33,services,secondary,-56,no,yes,-1,0,unknown,119,no
30,blue-collar,primary,1,yes,yes,-1,0,unknown,80,no
43,blue-collar,primary,-98,yes,yes,330,3,other,112,no
49,technician,secondary,4667,yes,no,-1,0,unknown,130,no
54,unemployed,primary,541,yes,no,-1,0,unknown,237,no
31,unemployed,tertiary,7744,no,no,-1,0,unknown,377,no
54,unknown,unknown,895,no,no,-1,0,unknown,335,yes
36,unemployed,secondary,-129,yes,no,-1,0,unknown,121,no
30,admin.,secondary,0,no,no,-1,0,unknown,127,no
27,technician,secondary,158,no,no,-1,0,unknown,650,yes
30,admin.,secondary,122,yes,no,-1,0,unknown,107,no
30,blue-collar,secondary,673,yes,no,-1,0,unknown,610,no
35,technician,secondary,0,no,no,-1,0,unknown,124,no
33,services,secondary,411,yes,no,-1,0,unknown,216,no
43,blue-collar,primary,-97,yes,yes,-1,0,unknown,747,no
41,blue-collar,secondary,-217,yes,no,349,3,other,313,no
41,management,tertiary,5037,no,no,185,5,other,252,yes
46,admin.,secondary,2232,no,no,-1,0,unknown,121,yes
54,blue-collar,secondary,-932,yes,no,-1,0,unknown,799,no
32,management,tertiary,913,yes,no,674,4,failure,883,no
30,technician,tertiary,236,yes,no,-1,0,unknown,197,no
40,entrepreneur,primary,0,yes,no,-1,0,unknown,271,no
30,blue-collar,primary,2581,no,no,-1,0,unknown,221,no
27,admin.,secondary,639,no,yes,-1,0,unknown,243,no
41,blue-collar,primary,849,yes,no,-1,0,unknown,72,no
54,services,secondary,386,yes,no,-1,0,unknown,155,no
32,management,tertiary,1218,yes,no,-1,0,unknown,70,no
31,management,tertiary,2603,yes,no,-1,0,unknown,280,yes
42,blue-collar,secondary,-921,yes,no,-1,0,unknown,115,no
48,admin.,primary,607,no,no,-1,0,unknown,29,no
34,blue-collar,primary,79,yes,no,-1,0,unknown,406,no
55,technician,secondary,61,yes,yes,-1,0,unknown,113,no
49,technician,secondary,1091,no,no,-1,0,unknown,47,no
46,management,tertiary,743,no,no,-1,0,unknown,36,no
47,entrepreneur,unknown,209,yes,no,-1,0,unknown,135,no
24,management,tertiary,172,no,no,-1,0,unknown,67,no
58,entrepreneur,secondary,2,no,no,-1,0,unknown,684,no
32,management,tertiary,41,no,no,-1,0,unknown,686,yes
25,student,secondary,1116,yes,no,-1,0,unknown,170,no
49,blue-collar,secondary,-55,no,no,-1,0,unknown,150,no
59,retired,secondary,5845,no,no,-1,0,unknown,1060,yes
30,management,tertiary,329,yes,no,-1,0,unknown,122,no
46,blue-collar,secondary,494,yes,no,-1,0,unknown,724,no
42,management,unknown,1519,no,no,92,1,success,230,yes
37,entrepreneur,tertiary,2685,no,no,-1,0,unknown,187,no
44,blue-collar,primary,-14,yes,yes,-1,0,unknown,179,no
49,services,secondary,5673,no,yes,-1,0,unknown,357,no
41,blue-collar,secondary,1459,no,no,-1,0,unknown,82,no
48,technician,tertiary,0,no,no,-1,0,unknown,176,no
31,management,secondary,625,yes,no,138,1,failure,424,no
37,student,unknown,0,no,no,-1,0,unknown,115,no
51,services,secondary,867,yes,no,211,3,failure,177,no
80,retired,secondary,8304,no,no,64,12,failure,712,yes
32,management,tertiary,151,yes,no,-1,0,unknown,118,no
48,services,primary,-583,yes,no,-1,0,unknown,25,no
49,blue-collar,tertiary,1784,no,no,-1,0,unknown,753,no
30,management,tertiary,3134,yes,no,-1,0,unknown,124,no
27,self-employed,secondary,49,yes,no,-1,0,unknown,208,no
34,technician,secondary,-346,no,no,-1,0,unknown,136,no
49,management,secondary,1623,yes,no,-1,0,unknown,1081,yes
48,management,tertiary,60,no,no,339,7,failure,376,no
40,services,secondary,17,no,no,-1,0,unknown,78,no
38,blue-collar,secondary,2008,yes,no,-1,0,unknown,354,no
46,blue-collar,primary,91,yes,no,356,2,failure,29,no
41,entrepreneur,tertiary,171,yes,no,191,4,failure,209,no
28,management,tertiary,1027,yes,no,-1,0,unknown,433,no
51,services,unknown,5801,yes,no,-1,0,unknown,147,no
33,blue-collar,primary,142,yes,no,300,5,failure,41,no
26,management,tertiary,205,no,no,-1,0,unknown,111,no
34,admin.,secondary,852,no,no,-1,0,unknown,108,no
27,blue-collar,secondary,-584,yes,no,-1,0,unknown,411,no
42,self-employed,secondary,97,no,no,-1,0,unknown,108,no
45,admin.,secondary,204,yes,no,-1,0,unknown,224,yes
31,technician,secondary,628,yes,no,-1,0,unknown,1083,no
32,management,tertiary,311,no,no,-1,0,unknown,757,yes
39,blue-collar,primary,1564,no,no,-1,0,unknown,57,no
26,blue-collar,secondary,856,yes,yes,-1,0,unknown,95,no
40,management,tertiary,1509,no,no,124,1,failure,144,no
52,services,secondary,-888,no,no,-1,0,unknown,135,no
40,technician,tertiary,226,no,no,-1,0,unknown,176,no
48,technician,secondary,127,no,yes,-1,0,unknown,524,no
31,services,secondary,413,yes,no,-1,0,unknown,65,no
27,admin.,secondary,710,yes,yes,334,2,success,653,yes
47,technician,secondary,1233,yes,no,100,2,other,91,yes
28,management,secondary,171,no,no,-1,0,unknown,93,yes
40,management,tertiary,69,yes,no,280,2,failure,503,no
34,admin.,secondary,1499,yes,no,327,2,failure,186,no
29,self-employed,tertiary,751,yes,no,-1,0,unknown,121,no
36,management,tertiary,61,no,yes,-1,0,unknown,452,no
83,retired,primary,425,no,no,140,1,failure,883,yes
55,services,primary,2923,yes,no,-1,0,unknown,104,no
43,management,tertiary,99,no,no,-1,0,unknown,24,no
23,student,secondary,1021,no,no,-1,0,unknown,79,no
44,technician,tertiary,1146,no,no,-1,0,unknown,178,no
58,blue-collar,primary,781,yes,no,-1,0,unknown,74,no
29,admin.,secondary,1448,no,no,184,7,other,217,no
30,management,tertiary,604,no,yes,-1,0,unknown,475,no
29,admin.,secondary,-194,yes,no,-1,0,unknown,127,no
41,technician,secondary,0,no,no,-1,0,unknown,101,no
35,housemaid,primary,0,yes,no,-1,0,unknown,340,no
31,technician,secondary,1014,yes,no,-1,0,unknown,158,no
27,admin.,tertiary,73,no,no,-1,0,unknown,242,no
47,services,secondary,2597,yes,no,-1,0,unknown,323,no
53,self-employed,tertiary,2627,yes,yes,-1,0,unknown,18,no
34,management,tertiary,1906,yes,no,-1,0,unknown,68,no
34,blue-collar,primary,-319,yes,yes,-1,0,unknown,134,no
36,management,tertiary,-296,yes,no,-1,0,unknown,113,no
40,technician,secondary,169,yes,no,-1,0,unknown,43,no
37,self-employed,tertiary,556,no,no,-1,0,unknown,200,no
65,retired,unknown,300,no,no,-1,0,unknown,245,no
53,technician,secondary,751,yes,no,-1,0,unknown,343,no
28,technician,secondary,126,no,no,-1,0,unknown,229,no
33,technician,tertiary,-386,yes,no,-1,0,unknown,530,no
56,blue-collar,primary,379,no,no,-1,0,unknown,58,no
45,self-employed,secondary,706,no,no,176,1,success,78,no
39,technician,secondary,9121,no,no,-1,0,unknown,147,no
28,management,tertiary,1466,yes,no,-1,0,unknown,40,no
36,blue-collar,primary,0,yes,no,-1,0,unknown,618,no
41,blue-collar,primary,951,yes,no,-1,0,unknown,23,no
46,admin.,secondary,368,no,no,90,4,other,293,yes
41,blue-collar,secondary,121,yes,no,176,5,other,16,no
59,services,secondary,204,no,no,-1,0,unknown,286,no
24,admin.,secondary,299,yes,no,321,1,failure,209,no
34,management,tertiary,4170,yes,no,-1,0,unknown,935,no
40,blue-collar,primary,-335,yes,no,-1,0,unknown,260,no
42,admin.,secondary,3165,yes,no,-1,0,unknown,298,no
50,services,secondary,254,yes,no,337,1,failure,397,no
25,management,tertiary,553,yes,no,479,1,failure,113,no
51,services,secondary,518,yes,no,-1,0,unknown,76,no
50,management,tertiary,85,no,yes,-1,0,unknown,141,no
37,blue-collar,unknown,603,yes,no,-1,0,unknown,773,no
21,services,secondary,361,no,no,95,1,other,329,no
52,blue-collar,secondary,-98,yes,no,-1,0,unknown,423,no
55,retired,primary,4424,no,no,-1,0,unknown,67,no
26,technician,secondary,2610,yes,yes,-1,0,unknown,626,no
38,technician,tertiary,3234,no,no,-1,0,unknown,578,yes
32,blue-collar,secondary,687,yes,no,-1,0,unknown,61,no
31,blue-collar,secondary,631,yes,no,-1,0,unknown,248,no
34,technician,secondary,341,no,yes,262,3,failure,136,no
33,technician,tertiary,316,no,no,-1,0,unknown,126,no
35,technician,secondary,2,no,no,-1,0,unknown,653,no
44,management,unknown,415,yes,no,-1,0,unknown,7,no
48,management,tertiary,507,yes,no,-1,0,unknown,528,no
29,blue-collar,secondary,912,yes,no,-1,0,unknown,785,no
50,management,tertiary,0,no,no,-1,0,unknown,243,no
37,blue-collar,primary,37,yes,no,362,1,other,24,no
44,admin.,secondary,2524,no,no,-1,0,unknown,82,no
36,unemployed,tertiary,9019,yes,no,-1,0,unknown,952,no
49,blue-collar,unknown,39,yes,no,-1,0,unknown,27,no
31,blue-collar,secondary,0,yes,no,-1,0,unknown,143,no
49,technician,secondary,265,yes,no,-1,0,unknown,274,no
35,blue-collar,secondary,0,yes,no,345,4,other,1174,yes
57,admin.,unknown,4012,no,no,-1,0,unknown,915,no
42,blue-collar,primary,1520,yes,no,-1,0,unknown,115,no
36,blue-collar,secondary,-140,yes,no,-1,0,unknown,222,no
75,retired,primary,852,no,no,-1,0,unknown,341,no
38,blue-collar,secondary,578,yes,no,-1,0,unknown,112,no
40,blue-collar,primary,0,yes,no,-1,0,unknown,64,no
38,services,secondary,2253,yes,no,-1,0,unknown,937,yes
34,management,tertiary,1171,yes,no,-1,0,unknown,129,no
29,technician,tertiary,452,yes,no,-1,0,unknown,59,no
28,admin.,secondary,-97,yes,no,225,2,success,79,no
79,retired,secondary,4738,no,no,-1,0,unknown,151,no
51,admin.,secondary,467,yes,no,-1,0,unknown,83,no
32,student,tertiary,0,no,no,3,6,other,101,no
36,management,tertiary,495,no,no,97,2,success,157,yes
38,entrepreneur,secondary,157,no,yes,366,1,other,57,no
49,self-employed,secondary,358,yes,yes,-1,0,unknown,176,no
42,services,secondary,292,yes,no,-1,0,unknown,222,no
43,blue-collar,primary,7343,yes,no,-1,0,unknown,217,no
34,blue-collar,secondary,-563,yes,no,-1,0,unknown,252,no
59,retired,secondary,351,yes,no,-1,0,unknown,1063,yes
35,unknown,primary,365,no,no,-1,0,unknown,41,no
33,blue-collar,secondary,13494,yes,no,-1,0,unknown,27,no
34,admin.,secondary,846,yes,no,-1,0,unknown,758,no
64,retired,secondary,1574,no,no,-1,0,unknown,301,yes
34,entrepreneur,tertiary,-28,yes,no,-1,0,unknown,574,no
77,retired,tertiary,0,no,no,60,1,success,847,yes
57,retired,primary,2927,no,yes,-1,0,unknown,78,no
30,blue-collar,secondary,501,yes,yes,-1,0,unknown,514,no
56,housemaid,primary,1238,no,no,-1,0,unknown,1558,yes
49,unknown,unknown,301,no,no,-1,0,unknown,789,no
73,retired,primary,1388,no,no,190,3,success,146,no
39,technician,secondary,102,yes,no,-1,0,unknown,272,no
57,technician,primary,13,yes,no,368,2,failure,323,no
32,self-employed,secondary,413,yes,no,-1,0,unknown,712,no
32,technician,tertiary,4665,yes,no,-1,0,unknown,860,yes
45,admin.,secondary,638,yes,no,-1,0,unknown,75,no
32,blue-collar,secondary,101,yes,no,-1,0,unknown,191,no
31,management,tertiary,1224,yes,yes,-1,0,unknown,1441,yes
49,self-employed,secondary,1103,no,no,-1,0,unknown,428,no
29,services,secondary,3748,no,no,-1,0,unknown,322,no
55,technician,secondary,955,yes,no,-1,0,unknown,104,no
30,admin.,secondary,518,yes,no,-1,0,unknown,127,no
45,services,primary,1893,yes,no,-1,0,unknown,1259,yes
39,technician,tertiary,14,no,no,-1,0,unknown,114,no
36,admin.,secondary,-423,yes,yes,-1,0,unknown,106,no
33,management,tertiary,3696,no,no,182,3,failure,305,no
36,management,tertiary,2987,yes,no,-1,0,unknown,307,yes
31,technician,secondary,433,no,no,-1,0,unknown,1504,no
36,technician,unknown,756,no,no,-1,0,unknown,396,no
38,technician,tertiary,0,yes,no,-1,0,unknown,71,no
33,unknown,secondary,2727,no,no,-1,0,unknown,205,no
40,technician,secondary,93,yes,no,-1,0,unknown,134,no
31,blue-collar,secondary,1766,no,yes,-1,0,unknown,166,yes
39,services,secondary,124,yes,no,-1,0,unknown,81,no
33,admin.,tertiary,69,no,yes,-1,0,unknown,77,no
53,services,secondary,0,no,no,-1,0,unknown,80,yes
38,management,tertiary,0,yes,no,303,2,failure,537,no
59,technician,secondary,259,no,no,89,1,success,415,yes
55,blue-collar,primary,4103,no,no,-1,0,unknown,291,no
38,technician,tertiary,744,yes,no,288,12,other,283,no
48,services,secondary,116,yes,no,-1,0,unknown,70,no
53,blue-collar,secondary,70,yes,no,-1,0,unknown,611,no
44,admin.,secondary,432,no,no,-1,0,unknown,132,no
57,management,tertiary,1172,no,no,-1,0,unknown,26,no
29,blue-collar,secondary,9,yes,no,-1,0,unknown,262,no
31,services,secondary,428,yes,no,-1,0,unknown,272,no
35,technician,tertiary,7546,yes,no,122,3,failure,137,no
31,blue-collar,primary,620,no,no,-1,0,unknown,95,no
35,self-employed,tertiary,8647,no,no,-1,0,unknown,140,no
40,management,secondary,192,yes,no,-1,0,unknown,71,no
39,blue-collar,secondary,0,yes,no,7,2,failure,502,no
43,technician,tertiary,27733,yes,no,-1,0,unknown,164,no
44,entrepreneur,primary,276,yes,yes,-1,0,unknown,219,no
29,technician,secondary,113,no,no,183,4,success,328,yes
40,technician,secondary,782,yes,no,-1,0,unknown,224,no
33,entrepreneur,primary,82,yes,no,-1,0,unknown,63,no
46,management,tertiary,1008,no,no,-1,0,unknown,24,no
27,unknown,tertiary,6421,no,no,-1,0,unknown,147,no
26,admin.,secondary,443,no,no,-1,0,unknown,84,no
41,technician,secondary,351,yes,no,-1,0,unknown,175,no
34,technician,tertiary,5060,yes,no,-1,0,unknown,12,no
39,technician,tertiary,-41,no,yes,-1,0,unknown,40,no
27,services,secondary,-124,no,no,-1,0,unknown,217,no
31,blue-collar,secondary,79,yes,yes,-1,0,unknown,235,no
44,unemployed,secondary,3945,no,no,-1,0,unknown,255,no
55,retired,tertiary,197,no,yes,-1,0,unknown,256,no
51,blue-collar,primary,837,no,no,-1,0,unknown,41,no
50,management,tertiary,-94,no,yes,-1,0,unknown,75,no
30,services,secondary,1743,yes,no,-1,0,unknown,192,no
46,technician,secondary,57,no,no,-1,0,unknown,796,yes
49,admin.,secondary,635,no,no,-1,0,unknown,220,no
56,retired,secondary,-113,yes,yes,-1,0,unknown,614,no
47,admin.,secondary,225,no,no,-1,0,unknown,1126,yes
30,admin.,secondary,124,no,no,-1,0,unknown,161,no
36,entrepreneur,secondary,475,no,no,-1,0,unknown,141,no
40,management,tertiary,-7,no,yes,-1,0,unknown,697,no
37,technician,secondary,375,no,no,-1,0,unknown,223,no
42,admin.,secondary,936,no,no,-1,0,unknown,931,yes
45,technician,secondary,1415,yes,no,116,1,failure,483,no
34,unemployed,secondary,0,no,no,-1,0,unknown,63,no
27,admin.,secondary,3638,no,no,-1,0,unknown,271,no
30,blue-collar,secondary,-99,yes,no,-1,0,unknown,144,no
32,technician,secondary,167,yes,yes,-1,0,unknown,79,no
46,housemaid,primary,19,yes,no,-1,0,unknown,171,no
29,self-employed,tertiary,242,yes,no,-1,0,unknown,73,no
53,unknown,unknown,13,no,no,-1,0,unknown,69,no
32,technician,secondary,286,no,no,343,4,failure,60,no
49,unemployed,secondary,769,yes,no,-1,0,unknown,257,no
35,management,tertiary,93,no,no,88,1,other,198,no
38,blue-collar,secondary,1663,yes,no,327,1,failure,217,no
39,entrepreneur,primary,238,yes,yes,-1,0,unknown,134,no
34,technician,secondary,2178,yes,no,-1,0,unknown,41,no
42,blue-collar,primary,792,yes,yes,175,12,other,611,no
35,blue-collar,unknown,871,yes,no,-1,0,unknown,216,no
60,admin.,secondary,1025,no,no,-1,0,unknown,388,no
57,technician,secondary,63,yes,no,-1,0,unknown,242,no
31,blue-collar,secondary,16,no,no,-1,0,unknown,387,no
29,management,secondary,417,no,no,-1,0,unknown,90,no
41,services,secondary,3992,yes,no,-1,0,unknown,281,no
46,blue-collar,primary,2749,yes,no,-1,0,unknown,332,no
33,technician,secondary,133,no,no,-1,0,unknown,218,yes
32,blue-collar,secondary,1721,yes,no,-1,0,unknown,650,no
54,management,tertiary,2171,yes,yes,-1,0,unknown,1034,yes
37,services,secondary,4760,yes,no,169,2,failure,182,no
32,technician,secondary,2979,no,no,-1,0,unknown,156,no
43,management,tertiary,690,yes,no,-1,0,unknown,171,no
50,blue-collar,secondary,203,yes,no,127,4,other,265,no
34,blue-collar,secondary,322,yes,no,-1,0,unknown,10,no
31,admin.,secondary,1210,no,no,-1,0,unknown,350,no
43,self-employed,secondary,634,yes,no,131,1,failure,65,no
49,entrepreneur,secondary,273,no,no,-1,0,unknown,58,no
22,student,unknown,47,no,no,-1,0,unknown,69,no
35,management,tertiary,1100,no,yes,-1,0,unknown,127,no
56,admin.,secondary,0,yes,no,-1,0,unknown,154,no
53,blue-collar,secondary,0,no,no,-1,0,unknown,36,no
54,entrepreneur,tertiary,1544,no,yes,196,3,failure,85,no
32,services,unknown,6145,yes,no,287,13,failure,362,no
41,self-employed,secondary,28,yes,no,-1,0,unknown,49,no
40,blue-collar,secondary,1012,yes,no,-1,0,unknown,410,no
33,blue-collar,primary,245,yes,yes,-1,0,unknown,253,no
33,management,tertiary,1998,no,no,-1,0,unknown,570,no
34,blue-collar,secondary,3990,yes,no,-1,0,unknown,633,no
36,services,secondary,1328,yes,no,-1,0,unknown,82,no
34,entrepreneur,tertiary,412,yes,yes,-1,0,unknown,164,no
55,management,primary,229,no,yes,-1,0,unknown,175,no
28,student,tertiary,1562,no,no,-1,0,unknown,659,yes
29,admin.,secondary,3432,yes,no,-1,0,unknown,139,no
31,admin.,secondary,144,yes,no,-1,0,unknown,43,no
52,management,tertiary,1339,yes,no,-1,0,unknown,343,no
54,services,unknown,386,no,yes,152,1,success,74,no
43,blue-collar,primary,7727,yes,no,-1,0,unknown,302,no
55,entrepreneur,secondary,204,no,no,-1,0,unknown,455,no
28,blue-collar,unknown,101,yes,no,-1,0,unknown,126,no
45,unemployed,secondary,728,yes,yes,-1,0,unknown,107,no
45,entrepreneur,primary,2418,yes,no,-1,0,unknown,120,no
51,management,tertiary,2934,yes,no,-1,0,unknown,727,no
42,technician,secondary,0,yes,no,-1,0,unknown,275,no
43,unknown,unknown,181,no,no,-1,0,unknown,41,no
34,management,tertiary,176,no,no,-1,0,unknown,61,no
36,blue-collar,primary,49,yes,no,365,5,other,232,no
37,blue-collar,secondary,2023,yes,no,-1,0,unknown,214,no
50,blue-collar,secondary,372,yes,no,-1,0,unknown,21,no
42,management,unknown,7702,no,no,-1,0,unknown,138,yes
34,blue-collar,primary,464,yes,no,299,2,other,173,no
48,management,secondary,117,yes,no,-1,0,unknown,635,no
47,admin.,secondary,104,yes,yes,-1,0,unknown,77,no
40,management,tertiary,1041,yes,no,-1,0,unknown,73,no
37,management,tertiary,539,no,no,115,3,failure,540,no
38,blue-collar,primary,0,yes,no,-1,0,unknown,179,no
29,technician,tertiary,406,yes,no,-1,0,unknown,119,no
46,blue-collar,primary,2558,yes,no,167,1,other,107,no
26,blue-collar,secondary,484,yes,no,-1,0,unknown,48,no
30,services,tertiary,3516,yes,no,-1,0,unknown,447,no
42,blue-collar,secondary,5639,yes,no,-1,0,unknown,430,no
42,management,tertiary,100,no,no,-1,0,unknown,64,no
31,admin.,secondary,1306,yes,no,-1,0,unknown,217,no
37,management,tertiary,815,yes,no,-1,0,unknown,77,no
26,blue-collar,secondary,245,yes,no,-1,0,unknown,16,no
54,blue-collar,unknown,191,no,no,-1,0,unknown,753,no
70,retired,secondary,2815,no,no,182,1,failure,125,no
29,self-employed,secondary,3672,yes,yes,-1,0,unknown,1210,no
50,services,secondary,1572,yes,no,-1,0,unknown,185,no
60,unemployed,secondary,385,yes,no,-1,0,unknown,80,no
32,technician,secondary,29,no,no,-1,0,unknown,156,no
32,technician,secondary,84,no,yes,-1,0,unknown,403,no
34,self-employed,tertiary,876,yes,no,-1,0,unknown,145,no
48,services,primary,1499,yes,no,-1,0,unknown,17,no
25,student,tertiary,0,yes,no,-1,0,unknown,160,no
32,management,secondary,6217,yes,yes,181,2,failure,486,no
32,blue-collar,primary,329,yes,no,-1,0,unknown,321,no
47,admin.,secondary,162,yes,no,-1,0,unknown,203,no
32,technician,unknown,14533,no,no,198,2,success,646,no
49,management,tertiary,151,yes,no,-1,0,unknown,97,yes
53,services,secondary,-2,yes,yes,-1,0,unknown,144,no
41,blue-collar,unknown,4684,no,no,-1,0,unknown,30,no
47,management,tertiary,1149,no,yes,-1,0,unknown,82,no
35,blue-collar,primary,11,yes,no,-1,0,unknown,326,no
33,management,secondary,8004,no,no,-1,0,unknown,414,no
49,blue-collar,primary,1019,yes,no,-1,0,unknown,285,no
46,management,tertiary,1297,no,no,-1,0,unknown,716,yes
29,management,tertiary,415,yes,yes,-1,0,unknown,449,no
58,self-employed,primary,671,yes,no,-1,0,unknown,16,no
40,admin.,secondary,2378,yes,no,-1,0,unknown,65,no
34,management,tertiary,417,yes,no,-1,0,unknown,138,no
60,retired,primary,71,no,no,-1,0,unknown,121,no
43,management,tertiary,1188,no,no,-1,0,unknown,140,no
50,blue-collar,primary,8139,yes,no,-1,0,unknown,256,no
33,blue-collar,secondary,249,yes,no,-1,0,unknown,61,no
37,blue-collar,primary,689,yes,no,-1,0,unknown,367,no
55,self-employed,secondary,203,yes,no,174,12,other,9,no
45,blue-collar,primary,-183,no,yes,-1,0,unknown,395,no
47,blue-collar,primary,3451,no,yes,-1,0,unknown,125,no
58,technician,secondary,116,no,no,-1,0,unknown,580,no
36,services,secondary,1746,yes,no,316,1,failure,15,no
55,technician,secondary,0,yes,no,-1,0,unknown,119,no
31,blue-collar,secondary,897,yes,no,-1,0,unknown,26,no
38,technician,secondary,821,yes,yes,180,1,failure,224,no
42,blue-collar,secondary,130,yes,no,-1,0,unknown,285,no
32,management,tertiary,1,yes,no,-1,0,unknown,399,no
39,blue-collar,secondary,8,no,no,-1,0,unknown,88,no
41,technician,secondary,55,yes,no,-1,0,unknown,185,no
59,blue-collar,primary,699,no,no,154,6,failure,98,no
42,unemployed,secondary,759,no,no,169,3,failure,97,no
33,blue-collar,secondary,687,yes,no,370,1,failure,72,no
53,retired,secondary,4968,no,no,87,2,failure,109,no
43,blue-collar,primary,1211,yes,no,-1,0,unknown,208,no
39,self-employed,tertiary,426,no,no,-1,0,unknown,1029,yes
27,entrepreneur,secondary,376,yes,yes,-1,0,unknown,273,no
39,management,tertiary,12,yes,no,-1,0,unknown,130,no
27,blue-collar,secondary,23,no,no,-1,0,unknown,590,no
33,admin.,secondary,353,yes,no,-1,0,unknown,107,no
29,services,secondary,330,yes,no,-1,0,unknown,88,no
33,management,tertiary,0,no,no,-1,0,unknown,305,no
41,entrepreneur,secondary,353,no,no,-1,0,unknown,90,no
38,technician,tertiary,2273,yes,no,-1,0,unknown,222,no
30,management,tertiary,0,yes,no,-1,0,unknown,127,no
58,unemployed,tertiary,744,no,no,-1,0,unknown,38,no
37,services,secondary,608,no,no,-1,0,unknown,380,no
36,admin.,secondary,356,yes,no,313,1,failure,244,no
45,blue-collar,primary,1291,yes,no,-1,0,unknown,189,no
23,technician,secondary,-306,yes,no,-1,0,unknown,217,no
53,blue-collar,primary,306,no,no,181,1,success,388,yes
44,blue-collar,primary,-312,yes,no,-1,0,unknown,22,no
32,technician,secondary,493,no,no,-1,0,unknown,289,no
32,management,tertiary,71,yes,no,-1,0,unknown,221,no
38,admin.,tertiary,669,yes,yes,-1,0,unknown,129,no
47,blue-collar,primary,556,yes,no,264,4,other,147,no
34,services,secondary,84,yes,no,-1,0,unknown,299,no
52,services,secondary,108,yes,no,-1,0,unknown,543,no
45,admin.,secondary,-11,yes,no,-1,0,unknown,247,no
50,blue-collar,primary,1164,yes,no,-1,0,unknown,166,no
52,blue-collar,primary,-191,yes,no,-1,0,unknown,755,yes
37,blue-collar,secondary,132,no,no,-1,0,unknown,336,no
51,blue-collar,secondary,2237,yes,no,-1,0,unknown,619,no
32,management,tertiary,4761,yes,no,350,2,failure,159,no
33,blue-collar,secondary,-346,yes,yes,-1,0,unknown,29,no
28,unemployed,secondary,655,yes,no,-1,0,unknown,606,no
66,management,tertiary,1048,yes,no,-1,0,unknown,971,no
31,services,secondary,0,yes,no,-1,0,unknown,231,no
35,blue-collar,primary,624,yes,no,-1,0,unknown,163,no
47,services,unknown,1784,no,no,-1,0,unknown,385,yes
36,admin.,secondary,1281,no,no,-1,0,unknown,119,no
32,technician,tertiary,569,no,yes,-1,0,unknown,348,no
34,blue-collar,primary,1666,yes,no,-1,0,unknown,30,no
40,admin.,secondary,168,yes,no,169,1,failure,249,no
33,self-employed,tertiary,263,no,no,-1,0,unknown,119,no
39,blue-collar,secondary,-405,yes,no,-1,0,unknown,177,no
38,self-employed,secondary,279,yes,no,-1,0,unknown,110,no
32,technician,secondary,0,no,no,-1,0,unknown,594,yes
65,unknown,unknown,300,no,no,-1,0,unknown,105,no
34,unemployed,tertiary,415,no,no,-1,0,unknown,123,no
34,admin.,primary,0,yes,yes,-1,0,unknown,172,no
42,blue-collar,primary,1322,yes,yes,-1,0,unknown,178,no
31,services,secondary,1062,yes,yes,-1,0,unknown,230,no
47,technician,secondary,302,yes,no,-1,0,unknown,89,no
44,technician,secondary,809,yes,no,-1,0,unknown,118,no
38,housemaid,secondary,-278,yes,no,-1,0,unknown,143,no
28,management,tertiary,3238,yes,no,-1,0,unknown,7,no
46,admin.,secondary,751,yes,no,-1,0,unknown,104,no
51,blue-collar,primary,-28,no,yes,-1,0,unknown,220,no
42,management,tertiary,0,no,no,-1,0,unknown,85,no
37,technician,secondary,2442,no,no,-1,0,unknown,91,yes
58,unemployed,tertiary,1798,yes,no,-1,0,unknown,19,no
43,admin.,secondary,132,no,no,84,3,success,574,yes
36,management,tertiary,260,yes,no,-1,0,unknown,49,no
34,blue-collar,secondary,7,yes,yes,193,2,other,171,no
31,management,tertiary,3283,no,no,73,1,failure,258,yes
49,technician,unknown,323,yes,no,-1,0,unknown,41,no
54,management,tertiary,2960,yes,no,-1,0,unknown,83,no
29,unemployed,secondary,486,no,no,-1,0,unknown,95,no
51,retired,secondary,343,yes,no,-1,0,unknown,78,no
40,unemployed,secondary,507,yes,no,266,7,failure,134,no
35,management,tertiary,5958,yes,no,-1,0,unknown,215,yes
25,student,secondary,304,no,no,-1,0,unknown,226,yes
32,blue-collar,secondary,118,yes,no,-1,0,unknown,1275,yes
30,self-employed,secondary,123,no,yes,85,5,other,66,no
38,management,tertiary,76,yes,no,-1,0,unknown,196,no
46,admin.,secondary,70,yes,no,-1,0,unknown,229,yes
43,unemployed,primary,960,yes,yes,-1,0,unknown,241,no
32,technician,tertiary,2185,no,no,-1,0,unknown,354,no
29,blue-collar,secondary,309,yes,no,-1,0,unknown,471,no
56,blue-collar,secondary,2190,no,yes,232,1,failure,90,no
57,technician,primary,0,no,no,-1,0,unknown,58,no
38,admin.,secondary,3732,yes,no,-1,0,unknown,379,no
51,technician,primary,1550,no,no,-1,0,unknown,12,no
35,admin.,tertiary,62,no,yes,-1,0,unknown,67,no
37,blue-collar,primary,704,no,no,-1,0,unknown,165,no
48,management,secondary,4415,yes,no,141,7,failure,1032,yes
30,blue-collar,secondary,4,yes,no,-1,0,unknown,84,no
60,retired,secondary,262,no,no,-1,0,unknown,393,no
56,management,secondary,238,yes,no,-1,0,unknown,808,no
45,blue-collar,primary,97,yes,no,-1,0,unknown,923,no
38,technician,secondary,410,no,no,-1,0,unknown,63,no
20,student,secondary,1191,no,no,-1,0,unknown,274,no
59,retired,primary,-47,yes,no,-1,0,unknown,84,no
34,technician,tertiary,197,no,no,-1,0,unknown,78,yes
36,blue-collar,unknown,6,no,no,-1,0,unknown,41,no
53,admin.,secondary,2398,yes,no,180,2,failure,317,yes
51,management,tertiary,630,yes,no,-1,0,unknown,138,no
58,retired,secondary,235,no,no,-1,0,unknown,88,no
48,management,primary,1910,yes,no,-1,0,unknown,413,no
56,management,tertiary,3172,yes,no,-1,0,unknown,139,no
51,blue-collar,primary,872,no,no,-1,0,unknown,82,no
35,blue-collar,secondary,407,yes,no,-1,0,unknown,12,no
40,admin.,secondary,100,yes,no,461,1,success,221,yes
59,housemaid,secondary,345,no,no,-1,0,unknown,38,no
44,management,tertiary,2058,no,yes,-1,0,unknown,661,no
49,housemaid,primary,889,no,no,-1,0,unknown,388,yes
35,admin.,tertiary,0,yes,no,-1,0,unknown,151,no
41,management,tertiary,51,no,no,-1,0,unknown,140,no
55,retired,primary,150,no,no,-1,0,unknown,124,no
51,self-employed,secondary,34,no,yes,-1,0,unknown,200,no
27,services,secondary,795,no,no,-1,0,unknown,101,no
57,blue-collar,primary,282,no,yes,-1,0,unknown,261,no
51,management,tertiary,2139,no,no,-1,0,unknown,176,no
38,management,tertiary,-469,yes,no,-1,0,unknown,209,no
49,admin.,secondary,197,yes,no,182,2,failure,223,yes
40,technician,tertiary,825,yes,no,335,1,other,38,no
47,housemaid,tertiary,3232,no,no,204,3,failure,541,no
48,management,secondary,1598,yes,no,-1,0,unknown,84,no
47,services,tertiary,871,no,no,-1,0,unknown,602,no
56,services,secondary,83,no,no,-1,0,unknown,26,no
29,management,tertiary,1445,no,no,143,2,success,328,yes
38,technician,secondary,226,yes,no,-1,0,unknown,762,yes
32,management,tertiary,-55,yes,no,-1,0,unknown,107,no
42,admin.,secondary,243,yes,no,-1,0,unknown,46,no
30,blue-collar,primary,-336,no,no,-1,0,unknown,128,no
26,admin.,tertiary,3672,yes,no,-1,0,unknown,360,no
35,technician,secondary,0,yes,no,96,5,success,524,yes
35,technician,secondary,251,yes,yes,-1,0,unknown,128,no
35,self-employed,tertiary,44,no,no,96,2,other,310,no
57,blue-collar,secondary,2887,no,no,-1,0,unknown,819,yes
29,admin.,secondary,1992,no,no,87,2,failure,202,no
32,blue-collar,secondary,2,no,no,-1,0,unknown,144,no
45,technician,secondary,1415,yes,no,-1,0,unknown,311,no
51,management,tertiary,297,yes,no,375,1,failure,415,yes
31,technician,secondary,1094,yes,no,-1,0,unknown,93,no
50,self-employed,unknown,-84,yes,no,-1,0,unknown,101,no
38,blue-collar,secondary,-1,yes,no,-1,0,unknown,72,no
37,management,tertiary,347,yes,no,-1,0,unknown,282,no
35,management,tertiary,1253,yes,no,-1,0,unknown,210,no
37,unemployed,unknown,4565,no,no,-1,0,unknown,369,no
28,management,tertiary,781,no,no,-1,0,unknown,125,no
38,management,tertiary,7124,no,no,-1,0,unknown,301,no
43,management,secondary,17555,no,no,-1,0,unknown,14,no
43,management,unknown,5172,yes,no,-1,0,unknown,57,no
56,management,tertiary,15520,no,no,-1,0,unknown,420,no
32,technician,tertiary,13711,yes,no,175,3,success,638,no
58,management,tertiary,1533,no,no,-1,0,unknown,137,no
47,management,tertiary,286,no,no,-1,0,unknown,557,no
31,blue-collar,secondary,-219,yes,no,-1,0,unknown,66,no
38,management,tertiary,0,yes,no,-1,0,unknown,206,no
50,blue-collar,secondary,810,yes,no,-1,0,unknown,19,no
32,blue-collar,secondary,300,no,no,-1,0,unknown,166,no
37,services,secondary,1175,yes,no,333,2,failure,102,no
39,management,tertiary,0,yes,no,-1,0,unknown,46,no
40,services,secondary,113,yes,no,-1,0,unknown,126,no
41,blue-collar,secondary,641,yes,no,-1,0,unknown,161,no
45,technician,secondary,1477,yes,no,-1,0,unknown,355,no
31,admin.,secondary,0,yes,no,-1,0,unknown,40,no
54,services,primary,8,yes,no,-1,0,unknown,143,no
39,admin.,secondary,399,yes,yes,-1,0,unknown,133,no
56,admin.,secondary,-435,yes,yes,-1,0,unknown,185,no
35,admin.,secondary,2830,no,no,-1,0,unknown,22,no
34,management,secondary,15,no,no,-1,0,unknown,184,no
31,technician,secondary,125,no,no,-1,0,unknown,78,no
38,technician,tertiary,45,no,no,-1,0,unknown,125,no
41,technician,tertiary,13,no,no,-1,0,unknown,189,no
44,entrepreneur,tertiary,0,yes,no,-1,0,unknown,300,no
49,blue-collar,secondary,579,yes,no,-1,0,unknown,396,no
30,services,secondary,432,yes,no,-1,0,unknown,340,no
31,services,secondary,1987,yes,no,-1,0,unknown,55,no
34,management,secondary,857,yes,no,-1,0,unknown,238,no
70,retired,tertiary,15834,no,no,186,1,failure,172,no
45,management,tertiary,3370,no,no,-1,0,unknown,36,no
31,management,tertiary,6290,no,no,-1,0,unknown,303,no
57,admin.,secondary,808,no,no,-1,0,unknown,417,no
40,services,unknown,4075,yes,no,-1,0,unknown,162,no
28,blue-collar,secondary,373,yes,no,344,1,failure,10,no
44,admin.,secondary,-101,yes,no,-1,0,unknown,99,no
49,services,secondary,3250,no,no,-1,0,unknown,32,no
46,management,tertiary,1375,yes,no,-1,0,unknown,308,no
34,management,tertiary,180,no,no,-1,0,unknown,298,no
58,technician,secondary,175,no,no,-1,0,unknown,92,no
52,services,secondary,381,no,yes,-1,0,unknown,288,no
27,blue-collar,secondary,2171,yes,no,323,1,other,130,no
48,technician,secondary,340,yes,no,-1,0,unknown,255,no
33,technician,secondary,10,yes,yes,-1,0,unknown,167,no
46,admin.,secondary,4958,yes,no,150,5,other,64,no
51,housemaid,unknown,21244,no,yes,-1,0,unknown,166,no
31,management,tertiary,156,no,no,-1,0,unknown,657,yes
35,technician,secondary,473,yes,yes,-1,0,unknown,434,no
37,admin.,secondary,781,no,no,-1,0,unknown,75,no
60,entrepreneur,primary,0,no,no,-1,0,unknown,40,no
40,technician,secondary,1819,no,no,-1,0,unknown,398,no
50,management,tertiary,4374,yes,no,113,3,failure,163,no
34,entrepreneur,secondary,456,yes,yes,-1,0,unknown,137,no
32,technician,secondary,253,yes,no,-1,0,unknown,257,no
36,services,secondary,774,yes,no,259,1,failure,231,no
32,admin.,tertiary,-59,no,yes,-1,0,unknown,192,no
40,services,secondary,-81,no,yes,-1,0,unknown,186,no
37,blue-collar,primary,0,yes,no,363,3,other,226,no
57,management,tertiary,0,yes,no,-1,0,unknown,67,no
46,management,tertiary,-3,no,no,-1,0,unknown,205,no
31,blue-collar,primary,2488,yes,no,-1,0,unknown,14,no
39,technician,tertiary,3,no,no,-1,0,unknown,488,yes
35,management,secondary,839,yes,no,-1,0,unknown,50,no
32,blue-collar,primary,103,no,no,-1,0,unknown,312,no
44,technician,secondary,316,yes,no,-1,0,unknown,163,no
41,technician,secondary,1680,yes,no,-1,0,unknown,76,no
59,retired,primary,7179,no,no,-1,0,unknown,150,no
39,services,secondary,247,yes,no,-1,0,unknown,244,no
54,management,tertiary,8295,no,no,-1,0,unknown,207,yes
27,services,secondary,261,yes,yes,-1,0,unknown,113,no
51,self-employed,secondary,95,yes,no,-1,0,unknown,1309,yes
33,technician,secondary,291,no,no,-1,0,unknown,72,no
38,blue-collar,primary,2240,yes,no,183,1,failure,551,no
52,entrepreneur,tertiary,0,no,no,-1,0,unknown,163,no
54,management,tertiary,1295,yes,no,-1,0,unknown,179,no
33,blue-collar,primary,324,yes,no,-1,0,unknown,217,no
50,technician,secondary,669,yes,no,-1,0,unknown,88,no
39,blue-collar,secondary,4143,yes,yes,-1,0,unknown,21,no
34,management,tertiary,2646,no,no,-1,0,unknown,142,yes
41,technician,secondary,618,no,no,-1,0,unknown,1056,no
48,management,tertiary,541,yes,no,363,2,other,72,no
38,services,secondary,434,yes,no,-1,0,unknown,411,no
34,blue-collar,secondary,622,yes,no,-1,0,unknown,145,no
32,blue-collar,secondary,0,yes,no,-1,0,unknown,80,no
48,management,secondary,99,yes,no,-1,0,unknown,344,no
28,services,secondary,290,yes,no,-1,0,unknown,128,no
47,blue-collar,secondary,1230,yes,no,169,1,success,412,yes
32,admin.,secondary,45,yes,yes,344,7,other,908,no
32,admin.,secondary,923,yes,no,-1,0,unknown,819,no
38,management,tertiary,950,no,no,-1,0,unknown,210,no
86,retired,secondary,1503,no,no,101,1,other,165,no
47,technician,secondary,65,no,no,-1,0,unknown,118,no
42,management,primary,-679,yes,yes,343,2,failure,159,no
44,management,tertiary,773,no,yes,-1,0,unknown,618,no
25,student,unknown,10788,no,no,210,2,other,102,no
34,services,secondary,991,yes,no,344,1,failure,89,no
34,admin.,secondary,247,no,no,-1,0,unknown,401,yes
53,blue-collar,primary,4143,no,no,-1,0,unknown,200,no
42,blue-collar,unknown,-406,yes,no,-1,0,unknown,152,no
30,blue-collar,secondary,180,no,no,183,2,failure,203,no
26,blue-collar,primary,-887,yes,no,-1,0,unknown,827,yes
40,services,secondary,4157,yes,no,-1,0,unknown,735,no
34,technician,secondary,1386,yes,yes,-1,0,unknown,185,no
34,services,secondary,2211,no,no,-1,0,unknown,149,no
40,management,tertiary,-495,no,yes,-1,0,unknown,303,no
36,management,tertiary,27359,yes,no,-1,0,unknown,71,no
34,technician,secondary,440,yes,no,345,2,failure,445,no
32,blue-collar,secondary,135,yes,no,-1,0,unknown,232,no
39,technician,secondary,-735,yes,no,248,2,failure,144,no
36,technician,tertiary,60,no,no,-1,0,unknown,209,no
39,technician,secondary,902,yes,no,180,5,failure,691,yes
33,management,unknown,18347,yes,no,-1,0,unknown,415,no
34,blue-collar,secondary,-72,yes,no,-1,0,unknown,273,no
42,management,tertiary,1205,no,no,-1,0,unknown,376,yes
46,technician,secondary,499,yes,no,-1,0,unknown,37,no
32,management,tertiary,656,yes,yes,-1,0,unknown,148,no
27,services,secondary,100,no,no,-1,0,unknown,57,no
35,technician,secondary,69,yes,no,-1,0,unknown,461,no
53,technician,unknown,619,no,no,-1,0,unknown,198,no
29,services,secondary,192,no,no,-1,0,unknown,327,no
35,management,tertiary,0,no,no,-1,0,unknown,669,no
49,management,tertiary,87,no,no,-1,0,unknown,165,no
58,management,tertiary,3228,no,no,-1,0,unknown,58,no
40,management,tertiary,1361,no,no,-1,0,unknown,1473,yes
19,student,unknown,0,no,no,-1,0,unknown,123,no
30,student,tertiary,34,yes,no,-1,0,unknown,289,no
34,technician,secondary,318,no,yes,-1,0,unknown,239,no
60,retired,secondary,197,no,no,-1,0,unknown,1386,no
28,student,tertiary,0,no,no,105,7,other,294,yes
46,management,tertiary,273,yes,no,184,4,success,910,yes
49,blue-collar,primary,15,yes,no,-1,0,unknown,550,no
59,management,tertiary,7813,yes,no,-1,0,unknown,75,no
44,technician,secondary,-27,yes,yes,-1,0,unknown,100,no
33,technician,tertiary,75,no,no,-1,0,unknown,204,no
54,retired,secondary,1139,yes,no,177,7,failure,155,no
26,blue-collar,secondary,115,yes,no,-1,0,unknown,46,no
54,blue-collar,secondary,0,no,no,150,1,failure,1366,no
48,housemaid,primary,7195,no,no,-1,0,unknown,609,yes
30,services,tertiary,-477,no,yes,-1,0,unknown,1532,yes
29,management,tertiary,1026,no,no,92,1,other,226,yes
51,entrepreneur,tertiary,3921,yes,no,-1,0,unknown,168,no
53,unemployed,primary,980,yes,no,-1,0,unknown,352,yes
43,blue-collar,secondary,-179,yes,no,-1,0,unknown,335,no
34,admin.,tertiary,2552,yes,yes,-1,0,unknown,74,no
40,entrepreneur,tertiary,1729,yes,no,-1,0,unknown,85,no
43,technician,secondary,434,yes,no,-1,0,unknown,117,no
33,admin.,secondary,-300,yes,yes,-1,0,unknown,184,no
66,retired,secondary,4785,no,no,-1,0,unknown,72,no
44,technician,secondary,-329,yes,no,-1,0,unknown,171,no
33,services,secondary,0,yes,no,-1,0,unknown,44,no
31,technician,secondary,391,no,no,-1,0,unknown,336,no
71,retired,primary,4657,no,no,-1,0,unknown,93,yes
22,student,primary,3472,no,no,183,3,failure,332,yes
46,unemployed,tertiary,705,no,no,-1,0,unknown,398,no
32,services,secondary,255,yes,yes,-1,0,unknown,86,no
45,blue-collar,secondary,4365,no,yes,-1,0,unknown,45,no
32,management,secondary,350,yes,no,-1,0,unknown,110,no
49,blue-collar,primary,474,yes,yes,221,1,failure,152,no
27,technician,secondary,489,yes,no,-1,0,unknown,356,yes
46,entrepreneur,secondary,757,no,no,-1,0,unknown,382,no
37,management,tertiary,695,no,no,-1,0,unknown,233,no
30,unemployed,secondary,-770,yes,no,-1,0,unknown,87,no
44,self-employed,secondary,80,yes,yes,-1,0,unknown,387,no
45,technician,secondary,315,yes,no,-1,0,unknown,103,no
27,student,secondary,213,no,no,-1,0,unknown,378,yes
57,housemaid,primary,0,no,no,-1,0,unknown,257,no
66,management,tertiary,2169,no,no,-1,0,unknown,282,no
40,admin.,secondary,212,no,no,-1,0,unknown,176,no
48,blue-collar,secondary,333,yes,no,-1,0,unknown,24,no
33,blue-collar,secondary,4404,yes,no,-1,0,unknown,766,no
42,services,secondary,257,yes,no,-1,0,unknown,955,yes
47,unemployed,secondary,3188,yes,no,-1,0,unknown,426,no
27,technician,tertiary,3083,yes,no,-1,0,unknown,244,no
78,retired,tertiary,226,no,no,-1,0,unknown,136,no
50,services,primary,1260,no,no,-1,0,unknown,172,no
46,entrepreneur,tertiary,1410,yes,no,189,8,failure,93,no
41,admin.,secondary,6046,yes,yes,182,2,success,300,yes
36,admin.,tertiary,980,no,no,104,7,failure,118,no
49,retired,primary,-37,no,no,-1,0,unknown,191,no
46,management,tertiary,-154,yes,yes,-1,0,unknown,107,no
77,retired,primary,680,no,no,89,7,failure,513,no
30,technician,tertiary,799,yes,yes,-1,0,unknown,91,no
43,management,secondary,-1164,yes,yes,-1,0,unknown,76,no
44,blue-collar,secondary,2523,yes,no,-1,0,unknown,1236,no
40,blue-collar,primary,98,yes,no,-1,0,unknown,193,no
38,blue-collar,primary,3419,yes,no,-1,0,unknown,324,no
25,unemployed,tertiary,343,no,no,-1,0,unknown,377,yes
49,management,tertiary,852,yes,no,-1,0,unknown,408,no
33,blue-collar,primary,50,yes,no,-1,0,unknown,246,no
40,management,tertiary,0,no,no,-1,0,unknown,58,no
44,blue-collar,primary,10,yes,no,-1,0,unknown,196,no
32,blue-collar,secondary,950,yes,yes,-1,0,unknown,219,no
52,management,tertiary,0,yes,no,-1,0,unknown,197,no
35,management,tertiary,175,yes,no,-1,0,unknown,257,no
35,technician,secondary,-259,yes,no,247,2,failure,381,no
32,management,secondary,6217,yes,yes,-1,0,unknown,486,no
42,technician,secondary,-1310,yes,yes,-1,0,unknown,162,no
59,blue-collar,unknown,139,no,no,-1,0,unknown,153,no
44,technician,secondary,7138,no,no,-1,0,unknown,809,yes
50,admin.,secondary,1111,yes,no,-1,0,unknown,50,no
27,blue-collar,secondary,113,no,no,-1,0,unknown,39,no
55,management,tertiary,-612,no,no,-1,0,unknown,131,no
54,blue-collar,unknown,310,yes,no,258,3,other,526,no
31,unemployed,secondary,-186,yes,no,-1,0,unknown,172,no
56,admin.,unknown,2038,no,no,305,1,success,405,no
51,self-employed,tertiary,833,no,no,-1,0,unknown,77,no
61,blue-collar,primary,625,yes,no,-1,0,unknown,158,no
34,technician,secondary,105,yes,no,171,3,failure,146,no
56,blue-collar,primary,551,no,no,-1,0,unknown,27,no
29,student,unknown,145,no,no,-1,0,unknown,105,no
34,management,tertiary,618,yes,no,-1,0,unknown,119,no
35,services,secondary,1063,yes,yes,-1,0,unknown,327,no
56,admin.,secondary,985,no,yes,-1,0,unknown,150,no
45,blue-collar,secondary,2926,yes,yes,120,2,failure,482,no
31,admin.,secondary,-449,yes,no,-1,0,unknown,81,no
37,entrepreneur,tertiary,66,no,no,-1,0,unknown,1164,yes
43,admin.,secondary,0,yes,no,-1,0,unknown,674,no
40,management,unknown,419,yes,no,-1,0,unknown,347,no
44,management,primary,4758,yes,no,-1,0,unknown,712,yes
38,admin.,secondary,-23,no,no,-1,0,unknown,48,no
58,management,tertiary,1573,yes,yes,-1,0,unknown,279,no
24,blue-collar,secondary,77,yes,no,-1,0,unknown,236,no
53,services,secondary,1378,yes,no,-1,0,unknown,91,no
36,blue-collar,secondary,-73,yes,yes,-1,0,unknown,15,no
28,blue-collar,primary,60,yes,no,337,1,failure,161,no
45,blue-collar,primary,137,yes,yes,-1,0,unknown,187,no
32,admin.,tertiary,1583,yes,no,182,1,failure,100,no
46,admin.,secondary,-121,yes,yes,-1,0,unknown,214,no
28,blue-collar,secondary,1065,yes,yes,317,1,failure,406,no
51,unemployed,secondary,-13,yes,no,364,1,failure,361,no
51,blue-collar,primary,1869,no,no,-1,0,unknown,30,no
30,technician,secondary,4787,yes,no,-1,0,unknown,99,no
39,technician,secondary,-183,yes,no,-1,0,unknown,202,no
28,blue-collar,primary,702,yes,no,-1,0,unknown,318,no
31,management,tertiary,1494,no,no,-1,0,unknown,275,no
31,blue-collar,primary,0,yes,yes,-1,0,unknown,59,no
38,management,tertiary,46,no,no,-1,0,unknown,70,no
31,blue-collar,secondary,609,yes,no,335,1,failure,1126,no
74,retired,secondary,4079,no,no,-1,0,unknown,343,yes
40,management,tertiary,0,yes,no,182,6,failure,228,yes
43,technician,secondary,7876,yes,no,-1,0,unknown,209,no
34,technician,tertiary,925,yes,no,-1,0,unknown,709,yes
54,management,tertiary,7010,no,no,-1,0,unknown,275,no
51,blue-collar,primary,42,yes,no,342,3,failure,51,no
33,blue-collar,secondary,285,no,yes,-1,0,unknown,267,no
41,technician,tertiary,0,no,no,-1,0,unknown,95,no
33,management,tertiary,3170,no,no,-1,0,unknown,246,no
48,admin.,secondary,8,no,yes,-1,0,unknown,46,no
42,self-employed,tertiary,216,yes,no,-1,0,unknown,144,no
35,management,tertiary,2975,no,no,-1,0,unknown,249,no
25,admin.,secondary,894,yes,no,-1,0,unknown,328,no
38,blue-collar,primary,490,yes,yes,-1,0,unknown,17,no
45,entrepreneur,secondary,245,yes,no,-1,0,unknown,126,no
59,management,tertiary,0,yes,no,-1,0,unknown,52,no
47,management,unknown,150,no,no,-1,0,unknown,52,no
33,management,tertiary,4,yes,no,-1,0,unknown,285,no
59,management,primary,1727,no,no,358,2,failure,500,yes
41,blue-collar,primary,664,no,yes,-1,0,unknown,955,yes
42,technician,secondary,473,yes,no,-1,0,unknown,216,no
51,technician,tertiary,0,no,no,-1,0,unknown,84,no
45,management,tertiary,-192,yes,no,-1,0,unknown,138,no
30,management,tertiary,1942,yes,yes,178,3,other,436,yes
33,blue-collar,secondary,5137,yes,no,-1,0,unknown,123,no
43,management,tertiary,13044,no,no,-1,0,unknown,36,no
37,blue-collar,secondary,1053,no,no,-1,0,unknown,405,no
73,retired,primary,154,no,no,-1,0,unknown,103,no
43,blue-collar,secondary,625,yes,no,-1,0,unknown,175,no
52,unemployed,primary,255,no,yes,-1,0,unknown,374,no
44,management,tertiary,529,yes,no,-1,0,unknown,129,no
56,management,tertiary,318,no,yes,-1,0,unknown,246,no
21,services,secondary,1903,yes,no,-1,0,unknown,107,no
43,unknown,tertiary,1937,no,no,-1,0,unknown,385,no
54,management,primary,3859,no,yes,-1,0,unknown,104,no
59,technician,primary,4198,no,no,91,10,success,309,yes
52,blue-collar,primary,230,yes,no,170,2,failure,198,no
31,admin.,secondary,747,yes,no,-1,0,unknown,543,yes
53,admin.,secondary,263,no,yes,-1,0,unknown,143,no
24,technician,secondary,-46,yes,no,-1,0,unknown,23,no
57,retired,secondary,0,no,yes,-1,0,unknown,104,no
48,technician,secondary,568,yes,no,386,1,success,378,yes
57,technician,secondary,1469,yes,no,-1,0,unknown,364,no
51,technician,secondary,18,no,yes,-1,0,unknown,363,no
50,management,tertiary,201,yes,no,-1,0,unknown,248,no
34,blue-collar,secondary,1412,yes,yes,-1,0,unknown,157,no
43,blue-collar,primary,-93,yes,no,-1,0,unknown,402,no
31,services,secondary,-331,yes,no,-1,0,unknown,203,no
29,blue-collar,unknown,486,yes,no,363,1,failure,422,no
39,blue-collar,primary,694,yes,no,-1,0,unknown,44,no
36,management,tertiary,2806,yes,no,-1,0,unknown,358,no
38,unemployed,tertiary,0,no,no,-1,0,unknown,39,no
56,management,tertiary,2959,yes,no,-1,0,unknown,325,no
41,housemaid,primary,22,yes,no,126,4,other,238,no
47,technician,secondary,1167,yes,no,87,5,failure,968,yes
38,management,tertiary,35,yes,no,273,3,failure,156,no
80,retired,secondary,8304,no,no,118,11,success,681,no
37,services,secondary,4760,yes,no,-1,0,unknown,187,no
44,management,tertiary,-1313,yes,yes,-1,0,unknown,104,no
33,blue-collar,secondary,697,no,no,-1,0,unknown,860,yes
53,technician,secondary,230,no,yes,-1,0,unknown,112,no
69,retired,tertiary,473,no,no,78,1,failure,112,no
46,technician,secondary,1427,yes,no,-1,0,unknown,32,no
30,management,tertiary,201,yes,no,-1,0,unknown,325,yes
31,self-employed,secondary,1086,no,no,-1,0,unknown,410,no
38,management,tertiary,4335,yes,no,-1,0,unknown,640,no
34,services,secondary,44,no,no,-1,0,unknown,118,no
48,unknown,unknown,286,no,no,-1,0,unknown,166,no
46,blue-collar,primary,216,no,no,-1,0,unknown,173,no
42,admin.,secondary,214,yes,no,-1,0,unknown,21,no
41,blue-collar,secondary,343,yes,no,-1,0,unknown,89,no
33,blue-collar,secondary,-77,yes,no,-1,0,unknown,151,no
39,blue-collar,primary,1046,no,no,-1,0,unknown,112,no
27,student,secondary,1566,no,no,-1,0,unknown,164,no
26,management,tertiary,592,no,no,164,1,other,145,no
38,management,tertiary,104,yes,no,-1,0,unknown,606,yes
48,blue-collar,secondary,0,yes,no,-1,0,unknown,105,no
54,services,secondary,-22,no,yes,-1,0,unknown,85,no
51,services,secondary,0,no,no,-1,0,unknown,439,no
47,technician,secondary,72,no,no,-1,0,unknown,278,no
53,technician,secondary,100,no,no,-1,0,unknown,205,no
35,blue-collar,primary,319,yes,no,-1,0,unknown,221,no
58,management,tertiary,9339,yes,no,172,3,other,52,no
52,management,tertiary,50,yes,no,-1,0,unknown,84,no
57,retired,secondary,32,yes,no,-1,0,unknown,476,no
52,management,tertiary,6922,no,no,-1,0,unknown,371,no
35,management,tertiary,633,yes,no,-1,0,unknown,128,no
48,technician,secondary,4265,yes,no,-1,0,unknown,220,no
46,entrepreneur,tertiary,2262,no,no,-1,0,unknown,44,no
39,services,secondary,1970,yes,no,404,2,success,30,no
38,self-employed,tertiary,1513,no,no,342,1,failure,330,no
34,entrepreneur,secondary,4659,yes,no,-1,0,unknown,28,no
47,entrepreneur,primary,668,no,no,-1,0,unknown,908,no
35,management,tertiary,649,no,no,-1,0,unknown,177,no
46,blue-collar,primary,452,yes,no,-1,0,unknown,113,no
27,admin.,secondary,-145,yes,no,-1,0,unknown,289,no
31,blue-collar,secondary,-498,yes,no,-1,0,unknown,357,no
31,management,tertiary,0,no,no,-1,0,unknown,38,no
46,admin.,secondary,22,yes,no,-1,0,unknown,414,no
31,admin.,secondary,2304,yes,no,-1,0,unknown,257,no
33,management,tertiary,1412,yes,no,-1,0,unknown,480,yes
42,housemaid,primary,145,no,no,-1,0,unknown,252,no
33,management,primary,4897,yes,no,-1,0,unknown,151,no
40,housemaid,primary,1832,no,no,-1,0,unknown,213,no
51,blue-collar,primary,3726,no,yes,-1,0,unknown,119,no
31,unemployed,tertiary,591,no,no,-1,0,unknown,161,no
62,retired,tertiary,0,no,no,-1,0,unknown,227,yes
24,student,secondary,508,yes,no,374,1,other,12,no
48,unemployed,secondary,817,no,no,282,4,success,517,yes
41,technician,secondary,348,yes,no,275,2,failure,225,no
43,management,tertiary,291,yes,no,-1,0,unknown,150,no
52,technician,secondary,3554,no,yes,-1,0,unknown,89,no
54,blue-collar,primary,781,yes,no,-1,0,unknown,103,no
32,technician,tertiary,267,no,no,-1,0,unknown,128,no
38,blue-collar,primary,1327,yes,no,-1,0,unknown,277,no
41,admin.,primary,-306,yes,no,-1,0,unknown,500,yes
31,blue-collar,primary,864,yes,no,-1,0,unknown,113,no
35,housemaid,tertiary,1265,yes,no,179,4,failure,326,yes
26,admin.,secondary,0,no,no,-1,0,unknown,755,no
52,technician,tertiary,214,no,no,-1,0,unknown,161,no
58,retired,secondary,425,yes,yes,-1,0,unknown,100,no
57,housemaid,tertiary,3,no,no,-1,0,unknown,142,no
34,management,tertiary,0,yes,no,-1,0,unknown,214,no
59,blue-collar,primary,0,no,no,-1,0,unknown,167,no
27,technician,secondary,282,no,yes,-1,0,unknown,676,no
42,entrepreneur,tertiary,0,no,no,-1,0,unknown,236,no
47,housemaid,tertiary,3727,no,no,-1,0,unknown,993,yes
33,blue-collar,secondary,0,yes,yes,-1,0,unknown,83,no
31,services,secondary,864,yes,no,-1,0,unknown,100,no
37,management,tertiary,4089,yes,no,174,4,other,289,yes
29,blue-collar,secondary,-478,no,yes,-1,0,unknown,528,no
38,unemployed,primary,-363,no,no,-1,0,unknown,340,no
35,self-employed,secondary,8883,no,no,-1,0,unknown,33,no
31,technician,secondary,1970,no,no,-1,0,unknown,284,no
62,management,tertiary,1859,no,no,-1,0,unknown,245,yes
32,technician,tertiary,1059,yes,no,-1,0,unknown,115,no
31,services,secondary,388,yes,no,-1,0,unknown,730,no
51,blue-collar,primary,602,yes,no,284,2,failure,347,no
29,services,secondary,0,no,no,-1,0,unknown,58,no
43,blue-collar,primary,255,yes,no,-1,0,unknown,180,no
36,blue-collar,secondary,63,yes,no,-1,0,unknown,56,no
34,self-employed,primary,712,yes,no,-1,0,unknown,326,no
29,services,secondary,57,yes,no,-1,0,unknown,342,no
57,retired,secondary,523,no,yes,-1,0,unknown,49,no
43,management,tertiary,422,no,no,-1,0,unknown,110,no
33,services,secondary,386,no,no,92,4,failure,253,yes
60,management,tertiary,3387,no,no,-1,0,unknown,636,no
51,technician,primary,260,no,no,-1,0,unknown,137,no
40,admin.,secondary,-1,no,no,-1,0,unknown,173,no
51,technician,secondary,1490,yes,no,-1,0,unknown,227,no
38,services,secondary,497,yes,yes,-1,0,unknown,88,no
35,technician,secondary,1707,yes,no,-1,0,unknown,426,no
47,technician,secondary,826,yes,no,112,8,other,195,no
45,blue-collar,primary,907,no,no,-1,0,unknown,230,no
40,services,secondary,1836,yes,no,-1,0,unknown,750,yes
29,entrepreneur,secondary,404,no,no,-1,0,unknown,413,no
52,management,tertiary,907,yes,no,-1,0,unknown,104,no
26,technician,secondary,18,yes,yes,-1,0,unknown,138,no
31,blue-collar,primary,-495,yes,no,-1,0,unknown,334,no
55,services,unknown,1210,yes,no,-1,0,unknown,868,no
35,services,secondary,819,yes,no,-1,0,unknown,102,no
56,management,tertiary,442,no,no,-1,0,unknown,77,no
28,blue-collar,secondary,-46,yes,no,92,14,success,199,yes
27,student,secondary,671,yes,no,-1,0,unknown,332,no
30,technician,secondary,371,no,no,-1,0,unknown,124,no
51,technician,tertiary,-3,no,no,-1,0,unknown,91,no
33,management,secondary,11,yes,no,-1,0,unknown,104,no
32,blue-collar,secondary,33,yes,no,368,4,failure,125,no
43,entrepreneur,secondary,104,yes,no,-1,0,unknown,635,yes
46,blue-collar,primary,174,no,yes,-1,0,unknown,90,no
32,management,tertiary,3107,yes,yes,-1,0,unknown,310,no
40,services,secondary,1438,yes,no,351,2,failure,207,no
39,blue-collar,secondary,1367,no,no,-1,0,unknown,43,no
51,blue-collar,primary,-11,no,no,-1,0,unknown,126,no
46,admin.,secondary,1693,yes,no,97,1,success,137,no
43,blue-collar,primary,778,yes,yes,-1,0,unknown,284,no
36,technician,tertiary,837,no,no,-1,0,unknown,68,no
48,management,tertiary,363,no,no,-1,0,unknown,67,no
26,admin.,secondary,236,yes,yes,-1,0,unknown,8,no
39,admin.,unknown,0,yes,no,-1,0,unknown,62,no
47,management,tertiary,-50,no,yes,-1,0,unknown,175,no
23,entrepreneur,primary,4,yes,no,-1,0,unknown,395,yes
54,management,tertiary,26306,yes,no,84,3,failure,27,no
38,admin.,secondary,46,yes,yes,-1,0,unknown,195,no
33,technician,secondary,575,no,yes,-1,0,unknown,254,no
35,admin.,secondary,148,no,yes,-1,0,unknown,199,no
52,services,secondary,431,no,no,-1,0,unknown,73,no
25,technician,tertiary,777,yes,no,-1,0,unknown,351,no
29,management,tertiary,199,yes,yes,-1,0,unknown,1689,yes
35,technician,tertiary,3552,no,no,-1,0,unknown,267,no
49,services,secondary,47,no,no,-1,0,unknown,234,no
41,admin.,secondary,3823,no,no,-1,0,unknown,234,no
32,management,tertiary,138,no,no,-1,0,unknown,94,no
29,admin.,secondary,1117,yes,no,-1,0,unknown,77,no
28,blue-collar,secondary,1325,yes,no,-1,0,unknown,242,no
59,retired,secondary,0,no,no,-1,0,unknown,247,no
34,entrepreneur,tertiary,4343,no,no,-1,0,unknown,85,no
55,management,tertiary,1598,no,no,-1,0,unknown,607,no
34,management,tertiary,3301,yes,no,227,4,failure,485,yes
24,student,secondary,822,no,no,91,2,failure,184,yes
42,technician,secondary,-280,yes,no,-1,0,unknown,258,no
34,management,unknown,1534,yes,no,147,7,other,156,no
34,admin.,secondary,1671,no,no,-1,0,unknown,160,no
51,self-employed,tertiary,2007,no,no,-1,0,unknown,1021,no
58,blue-collar,primary,0,yes,no,-1,0,unknown,5,no
44,technician,secondary,2776,yes,no,-1,0,unknown,701,yes
33,blue-collar,secondary,139,yes,yes,291,5,failure,732,yes
34,management,tertiary,573,no,no,-1,0,unknown,122,no
34,admin.,secondary,475,yes,no,-1,0,unknown,559,no
42,blue-collar,secondary,47,yes,yes,-1,0,unknown,141,no
46,management,tertiary,2154,yes,no,-1,0,unknown,87,no
31,self-employed,tertiary,96,no,no,-1,0,unknown,577,no
39,entrepreneur,tertiary,83,yes,no,-1,0,unknown,193,no
34,management,tertiary,6766,no,no,-1,0,unknown,210,no
47,technician,secondary,3973,no,no,-1,0,unknown,732,no
42,services,secondary,372,yes,yes,-1,0,unknown,121,no
48,blue-collar,secondary,-552,no,yes,-1,0,unknown,150,no
30,self-employed,tertiary,48,no,no,-1,0,unknown,140,no
38,technician,secondary,7696,yes,no,-1,0,unknown,386,no
24,services,secondary,4500,yes,no,-1,0,unknown,733,yes
34,technician,secondary,1,yes,no,-1,0,unknown,108,no
46,management,tertiary,46,no,yes,152,1,failure,80,no
32,admin.,secondary,-18,yes,no,-1,0,unknown,155,no
46,services,secondary,451,yes,yes,-1,0,unknown,389,no
26,self-employed,tertiary,479,yes,no,-1,0,unknown,133,no
42,blue-collar,secondary,0,yes,no,-1,0,unknown,328,no
50,technician,secondary,1130,yes,no,-1,0,unknown,119,no
41,blue-collar,primary,389,yes,no,-1,0,unknown,87,no
34,admin.,secondary,10,no,yes,173,3,failure,162,no
32,services,secondary,401,yes,no,-1,0,unknown,294,no
58,housemaid,tertiary,145,yes,yes,-1,0,unknown,128,no
45,technician,secondary,115,yes,no,-1,0,unknown,108,no
28,admin.,secondary,89,yes,yes,-1,0,unknown,172,no
35,technician,secondary,94,yes,yes,-1,0,unknown,208,no
39,services,secondary,1438,yes,no,-1,0,unknown,212,no
49,unemployed,tertiary,780,no,no,871,2,failure,148,no
50,management,tertiary,207,yes,no,-1,0,unknown,99,no
37,management,tertiary,238,no,no,92,1,success,185,yes
45,blue-collar,primary,2433,no,no,-1,0,unknown,133,no
30,housemaid,secondary,1924,no,no,-1,0,unknown,170,no
48,unemployed,tertiary,-471,yes,no,-1,0,unknown,668,no
36,management,tertiary,1531,yes,no,170,1,failure,81,no
41,management,secondary,764,no,no,-1,0,unknown,230,no
55,blue-collar,secondary,383,no,no,-1,0,unknown,287,no
70,retired,primary,3782,no,no,-1,0,unknown,618,no
41,management,tertiary,326,yes,no,-1,0,unknown,788,yes
47,services,secondary,691,no,no,-1,0,unknown,285,no
34,technician,secondary,0,no,no,-1,0,unknown,163,no
33,management,tertiary,99,no,no,-1,0,unknown,159,no
58,retired,secondary,502,yes,no,370,3,failure,197,no
51,management,tertiary,-15,no,no,-1,0,unknown,212,no
45,management,tertiary,1929,yes,no,-1,0,unknown,44,no
55,admin.,secondary,0,no,no,238,3,success,180,no
30,blue-collar,primary,185,no,no,-1,0,unknown,11,no
33,management,secondary,-424,yes,no,-1,0,unknown,863,no
27,services,secondary,0,yes,no,-1,0,unknown,388,no
59,retired,secondary,319,yes,no,-1,0,unknown,143,no
34,management,tertiary,171,yes,no,294,1,failure,191,no
47,technician,tertiary,-1148,yes,yes,-1,0,unknown,62,no
44,blue-collar,primary,-11,yes,no,-1,0,unknown,13,no
35,admin.,secondary,0,yes,no,-1,0,unknown,1073,yes
45,management,tertiary,-206,yes,no,-1,0,unknown,337,no
42,blue-collar,primary,704,yes,yes,-1,0,unknown,88,no
38,technician,secondary,1931,no,no,298,10,other,167,no
34,technician,secondary,943,no,no,-1,0,unknown,96,no
35,technician,secondary,327,yes,no,-1,0,unknown,537,no
29,management,secondary,-105,yes,no,-1,0,unknown,5,no
58,retired,secondary,983,no,no,-1,0,unknown,139,no
44,blue-collar,primary,787,yes,no,-1,0,unknown,570,no
45,entrepreneur,tertiary,0,yes,no,-1,0,unknown,100,no
43,blue-collar,secondary,3060,yes,no,-1,0,unknown,253,no
44,services,secondary,5780,yes,no,-1,0,unknown,525,no
30,technician,secondary,790,no,no,-1,0,unknown,696,no
38,unemployed,tertiary,1449,no,no,-1,0,unknown,535,no
50,technician,secondary,1412,no,no,-1,0,unknown,131,no
21,student,secondary,681,no,no,-1,0,unknown,6,no
38,entrepreneur,tertiary,228,yes,no,-1,0,unknown,105,no
42,admin.,secondary,0,no,no,-1,0,unknown,370,no
45,technician,tertiary,2087,no,no,-1,0,unknown,29,no
34,entrepreneur,secondary,2,yes,yes,167,6,failure,184,no
48,technician,secondary,197,no,yes,222,3,other,47,no
34,services,secondary,0,no,yes,-1,0,unknown,193,no
32,blue-collar,secondary,1905,yes,no,-1,0,unknown,709,yes
35,technician,tertiary,118,no,no,-1,0,unknown,358,no
39,entrepreneur,tertiary,2644,yes,no,-1,0,unknown,253,no
36,self-employed,tertiary,16430,yes,no,-1,0,unknown,197,no
35,technician,secondary,13,no,no,-1,0,unknown,94,no
57,services,secondary,14,no,yes,-1,0,unknown,445,no
28,technician,secondary,769,yes,no,371,2,failure,153,no
43,admin.,unknown,3485,no,no,-1,0,unknown,113,no
57,management,secondary,139,no,no,-1,0,unknown,80,no
34,services,secondary,202,yes,no,-1,0,unknown,318,no
36,technician,tertiary,6,yes,no,435,1,failure,100,no
47,management,tertiary,2515,no,no,-1,0,unknown,40,no
36,management,tertiary,5195,yes,no,-1,0,unknown,55,no
33,management,tertiary,2098,no,no,-1,0,unknown,67,no
57,management,tertiary,320,no,no,-1,0,unknown,76,no
57,management,tertiary,3431,yes,no,-1,0,unknown,73,no
34,admin.,secondary,50,yes,no,-1,0,unknown,89,no
51,housemaid,tertiary,370,yes,no,-1,0,unknown,109,no
54,blue-collar,primary,-182,no,no,-1,0,unknown,98,no
52,self-employed,tertiary,1623,yes,no,-1,0,unknown,21,no
43,entrepreneur,tertiary,13342,yes,no,-1,0,unknown,465,no
58,retired,primary,6570,no,no,-1,0,unknown,106,no
53,admin.,secondary,225,yes,no,340,1,failure,304,no
44,management,secondary,-665,no,no,-1,0,unknown,342,no
29,management,tertiary,0,no,no,-1,0,unknown,16,no
27,services,secondary,54,yes,no,-1,0,unknown,543,yes
35,blue-collar,primary,46,no,no,-1,0,unknown,338,no
40,self-employed,secondary,2,no,no,-1,0,unknown,197,no
34,blue-collar,secondary,103,yes,yes,-1,0,unknown,956,no
38,admin.,secondary,883,yes,no,327,9,other,95,no
32,services,secondary,55,yes,no,-1,0,unknown,546,no
41,admin.,secondary,8238,yes,yes,-1,0,unknown,124,no
25,blue-collar,secondary,913,yes,no,-1,0,unknown,113,no
38,blue-collar,secondary,595,yes,no,-1,0,unknown,245,no
26,technician,secondary,7,yes,no,-1,0,unknown,188,no
37,technician,tertiary,1661,no,no,-1,0,unknown,199,no
30,management,tertiary,102,yes,no,426,3,other,470,yes
36,services,secondary,338,no,no,-1,0,unknown,90,no
33,management,secondary,3132,yes,no,-1,0,unknown,350,no
33,admin.,tertiary,490,yes,no,363,2,failure,31,no
35,management,tertiary,2682,yes,no,-1,0,unknown,156,no
24,services,tertiary,0,yes,no,-1,0,unknown,299,no
29,unemployed,secondary,596,no,no,-1,0,unknown,510,no
54,blue-collar,secondary,2059,yes,no,-1,0,unknown,177,no
27,admin.,secondary,132,no,no,-1,0,unknown,123,no
34,management,secondary,0,no,no,-1,0,unknown,270,no
39,blue-collar,primary,385,yes,no,-1,0,unknown,225,no
38,management,tertiary,223,no,no,-1,0,unknown,63,no
37,management,tertiary,0,yes,no,-1,0,unknown,247,no
26,services,secondary,512,yes,yes,239,3,failure,206,no
36,entrepreneur,tertiary,1169,yes,no,-1,0,unknown,168,no
35,management,tertiary,71,yes,no,-1,0,unknown,836,no
30,management,tertiary,940,no,no,-1,0,unknown,131,no
25,technician,secondary,-80,yes,yes,-1,0,unknown,89,no
34,technician,secondary,0,yes,no,-1,0,unknown,116,no
52,unknown,unknown,1317,no,no,-1,0,unknown,58,no
39,admin.,secondary,179,no,no,-1,0,unknown,36,no
34,management,secondary,1007,yes,no,-1,0,unknown,240,no
34,management,secondary,0,no,no,-1,0,unknown,132,no
30,services,secondary,1286,yes,yes,-1,0,unknown,544,no
33,services,secondary,804,yes,yes,-1,0,unknown,266,no
30,student,secondary,4,no,no,-1,0,unknown,443,no
51,blue-collar,primary,0,yes,no,-1,0,unknown,324,no
36,services,secondary,417,yes,no,207,3,failure,15,no
48,blue-collar,primary,1678,no,no,-1,0,unknown,263,no
37,services,secondary,532,yes,no,-1,0,unknown,199,no
58,management,secondary,407,yes,no,-1,0,unknown,145,no
56,management,tertiary,659,no,yes,-1,0,unknown,56,no
34,blue-collar,secondary,393,yes,no,-1,0,unknown,11,no
33,admin.,secondary,661,yes,no,173,2,other,411,no
26,services,secondary,0,no,no,-1,0,unknown,165,no
40,management,unknown,838,yes,no,-1,0,unknown,619,no
35,services,secondary,195,yes,no,-1,0,unknown,203,no
45,entrepreneur,secondary,68,yes,no,-1,0,unknown,254,no
37,technician,secondary,-242,yes,no,-1,0,unknown,1149,yes
35,management,tertiary,321,yes,no,-1,0,unknown,189,no
43,services,secondary,3403,yes,no,97,2,success,707,yes
28,blue-collar,secondary,8,yes,no,-1,0,unknown,196,no
32,blue-collar,secondary,739,yes,no,-1,0,unknown,171,no
26,unemployed,secondary,622,no,no,-1,0,unknown,1451,yes
35,services,secondary,152,yes,no,-1,0,unknown,563,yes
35,technician,secondary,2,no,no,-1,0,unknown,239,no
39,blue-collar,secondary,1439,yes,no,-1,0,unknown,73,no
42,blue-collar,secondary,1491,yes,no,334,2,failure,203,no
32,technician,secondary,6402,yes,no,167,1,success,158,no
30,unemployed,secondary,1210,no,no,-1,0,unknown,100,no
26,management,tertiary,122,no,yes,-1,0,unknown,160,no
30,student,secondary,0,yes,no,-1,0,unknown,661,no
32,management,tertiary,62,yes,no,-1,0,unknown,166,no
47,services,secondary,3333,yes,yes,-1,0,unknown,114,no
33,technician,tertiary,16992,yes,no,-1,0,unknown,58,no
57,blue-collar,primary,23,yes,no,-1,0,unknown,25,no
35,admin.,secondary,0,yes,no,-1,0,unknown,121,no
53,technician,tertiary,6072,no,yes,-1,0,unknown,226,no
24,retired,secondary,366,no,yes,-1,0,unknown,234,no
54,management,tertiary,0,no,yes,-1,0,unknown,88,no
31,management,tertiary,1343,yes,yes,-1,0,unknown,85,no
41,entrepreneur,secondary,2105,yes,no,-1,0,unknown,134,no
44,unknown,secondary,2319,no,no,-1,0,unknown,251,no
35,services,secondary,35,yes,no,-1,0,unknown,152,no
30,management,tertiary,877,no,no,83,5,failure,202,no
43,blue-collar,primary,30,yes,no,-1,0,unknown,379,no
51,entrepreneur,secondary,-2082,no,yes,-1,0,unknown,123,no
60,retired,secondary,89,no,no,-1,0,unknown,156,no
43,self-employed,secondary,104,no,no,-1,0,unknown,332,no
31,management,tertiary,1750,yes,no,-1,0,unknown,90,no
56,management,primary,772,yes,no,-1,0,unknown,291,no
42,technician,secondary,1048,yes,no,-1,0,unknown,23,no
52,entrepreneur,primary,592,no,no,-1,0,unknown,122,no
40,technician,secondary,0,yes,yes,172,1,failure,105,no
36,services,secondary,3064,yes,no,-1,0,unknown,1143,no
40,services,primary,33,no,no,-1,0,unknown,70,no
46,blue-collar,secondary,0,yes,no,-1,0,unknown,264,no
32,admin.,secondary,1649,no,no,-1,0,unknown,204,no
31,housemaid,tertiary,287,yes,no,-1,0,unknown,182,no
41,technician,secondary,0,yes,no,-1,0,unknown,386,no
58,housemaid,primary,419,no,yes,-1,0,unknown,295,no
36,services,secondary,257,yes,no,-1,0,unknown,86,no
52,technician,secondary,118,no,no,-1,0,unknown,16,no
42,management,tertiary,251,no,no,-1,0,unknown,413,no
32,management,tertiary,1731,yes,yes,-1,0,unknown,323,no
62,management,tertiary,0,no,no,-1,0,unknown,78,no
31,technician,tertiary,23,no,no,-1,0,unknown,121,no
41,blue-collar,secondary,-386,no,yes,-1,0,unknown,477,yes
34,self-employed,tertiary,5498,no,no,-1,0,unknown,265,no
44,management,tertiary,5063,no,no,-1,0,unknown,418,yes
42,blue-collar,primary,7041,yes,no,-1,0,unknown,386,no
37,entrepreneur,secondary,654,no,no,-1,0,unknown,594,no
47,management,tertiary,1890,no,no,-1,0,unknown,161,no
32,unemployed,secondary,2400,yes,yes,-1,0,unknown,450,no
46,blue-collar,secondary,519,yes,no,-1,0,unknown,217,no
39,technician,tertiary,1190,no,no,-1,0,unknown,136,no
28,services,secondary,229,yes,no,-1,0,unknown,322,no
26,student,secondary,203,no,no,196,1,failure,104,no
52,technician,secondary,1818,no,yes,111,4,failure,189,no
42,unemployed,secondary,1289,no,no,415,2,failure,250,yes
33,technician,tertiary,39,no,no,-1,0,unknown,123,no
73,retired,primary,796,no,no,182,2,failure,427,yes
35,admin.,secondary,57,no,yes,-1,0,unknown,632,no
40,management,tertiary,1548,yes,no,-1,0,unknown,101,no
51,technician,secondary,117,no,no,88,4,other,467,yes
37,admin.,secondary,0,yes,no,-1,0,unknown,640,no
39,management,tertiary,691,yes,yes,255,1,failure,517,no
28,blue-collar,secondary,64,yes,no,-1,0,unknown,160,no
49,technician,tertiary,0,yes,no,-1,0,unknown,177,no
36,admin.,secondary,957,yes,no,-1,0,unknown,206,no
45,technician,secondary,118,yes,no,-1,0,unknown,208,no
29,technician,tertiary,218,yes,no,-1,0,unknown,169,no
35,management,secondary,724,yes,no,415,1,failure,287,yes
35,housemaid,tertiary,20,yes,yes,-1,0,unknown,505,no
30,blue-collar,secondary,-28,yes,no,371,1,failure,284,no
46,blue-collar,primary,665,no,no,235,2,failure,89,no
25,student,tertiary,5,no,no,-1,0,unknown,138,no
36,management,tertiary,925,no,no,189,4,success,321,yes
42,blue-collar,primary,2519,yes,no,-1,0,unknown,262,no
57,admin.,secondary,3927,no,no,-1,0,unknown,61,no
42,management,tertiary,401,yes,no,-1,0,unknown,217,no
29,management,tertiary,581,yes,yes,-1,0,unknown,192,no
36,technician,tertiary,1327,no,no,-1,0,unknown,174,no
31,unemployed,secondary,3242,no,no,-1,0,unknown,292,no
59,technician,primary,3163,yes,no,-1,0,unknown,240,no
50,unemployed,secondary,32,no,no,-1,0,unknown,282,no
47,admin.,secondary,310,yes,yes,-1,0,unknown,128,no
46,housemaid,primary,0,no,no,-1,0,unknown,161,no
26,blue-collar,primary,155,yes,no,244,4,failure,291,no
31,services,secondary,11386,yes,no,-1,0,unknown,356,no
30,services,tertiary,1380,yes,no,-1,0,unknown,294,no
47,blue-collar,unknown,2443,no,no,-1,0,unknown,422,no
23,technician,tertiary,1129,yes,no,-1,0,unknown,806,yes
44,unemployed,primary,4232,no,no,-1,0,unknown,227,no
42,self-employed,secondary,5564,no,no,-1,0,unknown,560,no
32,services,secondary,-402,yes,no,-1,0,unknown,135,no
28,admin.,secondary,1323,yes,no,-1,0,unknown,361,no
57,retired,primary,1623,yes,yes,-1,0,unknown,246,no
38,technician,tertiary,1042,yes,no,-1,0,unknown,419,no
22,student,secondary,2488,no,no,38,10,other,449,yes
54,admin.,secondary,865,yes,no,-1,0,unknown,71,no
32,technician,tertiary,-1053,yes,no,-1,0,unknown,357,no
32,management,tertiary,1667,yes,no,179,3,failure,164,no
59,admin.,secondary,975,yes,no,-1,0,unknown,263,no
45,technician,secondary,2571,no,no,-1,0,unknown,146,no
53,unknown,primary,732,no,no,-1,0,unknown,759,yes
50,admin.,secondary,769,no,no,363,4,failure,72,no
34,technician,secondary,-136,yes,yes,-1,0,unknown,131,no
35,admin.,secondary,3636,no,yes,-1,0,unknown,808,yes
30,management,tertiary,931,no,no,-1,0,unknown,1183,no
62,housemaid,secondary,565,no,no,-1,0,unknown,123,no
40,blue-collar,secondary,271,yes,no,-1,0,unknown,483,no
26,self-employed,tertiary,1153,no,no,-1,0,unknown,238,no
34,management,tertiary,-73,yes,no,-1,0,unknown,90,no
50,unknown,unknown,558,no,no,683,6,failure,464,yes
31,unknown,tertiary,137,no,no,-1,0,unknown,385,no
35,technician,secondary,700,yes,no,-1,0,unknown,240,no
55,retired,primary,-966,no,yes,-1,0,unknown,104,no
34,admin.,secondary,96,no,no,-1,0,unknown,109,no
58,retired,primary,4007,no,no,-1,0,unknown,598,no
50,management,tertiary,567,yes,no,-1,0,unknown,274,no
31,technician,secondary,40,no,no,-1,0,unknown,123,no
47,admin.,secondary,136,no,yes,-1,0,unknown,70,no
38,self-employed,tertiary,917,yes,no,-1,0,unknown,260,no
46,management,tertiary,593,yes,no,-1,0,unknown,190,no
42,blue-collar,primary,505,yes,no,-1,0,unknown,521,no
34,blue-collar,secondary,2542,yes,no,-1,0,unknown,228,no
37,management,tertiary,5355,no,no,-1,0,unknown,466,yes
38,student,tertiary,807,no,no,-1,0,unknown,74,no
59,retired,secondary,9976,yes,no,-1,0,unknown,57,no
32,admin.,secondary,0,no,no,-1,0,unknown,119,no
55,management,tertiary,540,no,no,-1,0,unknown,124,no
35,blue-collar,secondary,280,yes,yes,-1,0,unknown,65,no
56,management,tertiary,-59,no,yes,-1,0,unknown,127,no
27,admin.,secondary,-517,yes,no,-1,0,unknown,172,no
42,unemployed,secondary,2613,yes,no,-1,0,unknown,174,no
42,student,unknown,-7,no,no,-1,0,unknown,41,no
41,blue-collar,primary,0,yes,no,-1,0,unknown,232,no
53,retired,secondary,-200,no,yes,-1,0,unknown,161,no
67,retired,primary,2301,no,no,-1,0,unknown,124,no
53,housemaid,primary,104,no,yes,-1,0,unknown,701,yes
33,blue-collar,primary,191,yes,no,-1,0,unknown,162,no
31,technician,unknown,694,yes,no,-1,0,unknown,431,no
31,admin.,secondary,212,yes,no,-1,0,unknown,191,no
30,management,tertiary,1882,yes,no,-1,0,unknown,249,no
48,blue-collar,unknown,131,yes,no,-1,0,unknown,189,no
30,technician,secondary,175,no,no,-1,0,unknown,167,no
43,technician,tertiary,0,no,no,-1,0,unknown,73,no
38,management,tertiary,4425,yes,no,-1,0,unknown,162,no
46,unemployed,secondary,3533,yes,no,-1,0,unknown,235,no
59,blue-collar,secondary,3573,no,no,-1,0,unknown,44,no
44,management,tertiary,476,yes,yes,-1,0,unknown,127,no
35,blue-collar,secondary,1257,yes,no,329,7,failure,93,no
55,blue-collar,unknown,23,no,no,2,3,other,143,no
39,management,tertiary,0,yes,no,-1,0,unknown,81,no
36,services,secondary,398,yes,yes,-1,0,unknown,77,no
33,blue-collar,secondary,745,yes,no,-1,0,unknown,115,no
48,management,tertiary,8106,no,no,111,3,failure,125,no
33,management,tertiary,0,no,no,-1,0,unknown,53,no
67,retired,unknown,696,no,no,-1,0,unknown,77,no
48,unemployed,secondary,1266,yes,no,-1,0,unknown,45,no
57,management,tertiary,2416,no,no,-1,0,unknown,74,no
31,housemaid,primary,25,no,no,-1,0,unknown,169,no
30,student,tertiary,7513,no,no,-1,0,unknown,269,no
56,entrepreneur,primary,29,no,no,227,1,failure,52,no
26,blue-collar,primary,5116,yes,no,-1,0,unknown,246,no
44,management,secondary,-1746,yes,no,-1,0,unknown,218,no
44,technician,secondary,14,no,no,92,1,success,167,yes
31,management,tertiary,4148,yes,no,99,9,other,316,yes
47,self-employed,unknown,14,yes,no,-1,0,unknown,142,no
30,admin.,secondary,105,yes,no,-1,0,unknown,75,no
37,management,tertiary,767,no,yes,-1,0,unknown,204,no
56,admin.,primary,0,no,yes,-1,0,unknown,542,no
43,management,secondary,-228,yes,yes,-1,0,unknown,122,no
42,services,secondary,508,yes,no,-1,0,unknown,70,no
60,management,secondary,725,yes,no,-1,0,unknown,266,no
34,blue-collar,unknown,41,yes,no,-1,0,unknown,34,no
34,management,tertiary,184,no,no,-1,0,unknown,203,no
41,management,tertiary,251,no,yes,-1,0,unknown,85,no
38,management,secondary,-17,no,no,-1,0,unknown,11,no
23,services,secondary,-19,yes,no,-1,0,unknown,13,no
33,management,tertiary,1064,yes,no,-1,0,unknown,562,yes
36,blue-collar,secondary,777,yes,no,-1,0,unknown,185,no
49,unemployed,tertiary,377,no,no,59,2,failure,158,no
34,admin.,secondary,479,yes,no,350,5,failure,515,yes
40,technician,secondary,-375,yes,no,-1,0,unknown,60,no
72,retired,primary,796,no,no,-1,0,unknown,173,no
43,technician,secondary,17,yes,no,-1,0,unknown,353,no
44,blue-collar,secondary,1071,yes,no,357,1,failure,143,no
35,admin.,secondary,0,yes,no,-1,0,unknown,18,no
46,admin.,secondary,7378,no,no,-1,0,unknown,466,no
55,admin.,secondary,865,yes,no,151,1,failure,85,no
50,technician,secondary,-701,yes,yes,-1,0,unknown,148,no
23,blue-collar,unknown,817,yes,no,-1,0,unknown,123,no
34,student,unknown,1387,no,no,-1,0,unknown,121,no
40,blue-collar,secondary,0,yes,yes,-1,0,unknown,245,no
61,retired,secondary,2917,no,no,-1,0,unknown,215,yes
53,technician,secondary,4541,yes,no,-1,0,unknown,190,no
57,technician,secondary,0,no,no,-1,0,unknown,44,no
28,blue-collar,secondary,4287,no,no,-1,0,unknown,171,no
25,admin.,secondary,242,yes,no,-1,0,unknown,62,no
38,blue-collar,secondary,171,yes,yes,-1,0,unknown,172,no
27,services,secondary,259,yes,no,-1,0,unknown,78,no
45,blue-collar,secondary,827,yes,no,-1,0,unknown,319,no
31,services,secondary,469,no,yes,-1,0,unknown,111,no
39,blue-collar,primary,2226,yes,no,-1,0,unknown,158,no
42,technician,secondary,0,no,no,-1,0,unknown,82,no
46,management,tertiary,477,yes,no,-1,0,unknown,128,no
36,services,secondary,42,yes,no,-1,0,unknown,102,no
30,management,tertiary,775,yes,no,-1,0,unknown,124,no
32,blue-collar,secondary,9,yes,no,-1,0,unknown,334,no
52,technician,tertiary,2557,no,no,204,2,success,134,yes
31,management,tertiary,2395,no,no,-1,0,unknown,218,no
60,management,primary,4895,no,no,-1,0,unknown,313,no
35,blue-collar,secondary,376,yes,yes,-1,0,unknown,207,no
38,management,tertiary,389,yes,no,-1,0,unknown,262,no
46,management,tertiary,134,no,no,-1,0,unknown,134,no
45,entrepreneur,tertiary,1273,yes,yes,-1,0,unknown,197,no
59,services,secondary,0,yes,no,-1,0,unknown,214,no
34,management,tertiary,2892,yes,yes,-1,0,unknown,1165,no
33,technician,secondary,0,yes,no,-1,0,unknown,177,no
46,management,secondary,295,yes,no,-1,0,unknown,141,no
48,admin.,secondary,292,yes,yes,-1,0,unknown,164,no
31,services,secondary,85,no,no,-1,0,unknown,151,no
32,technician,secondary,4,no,no,260,4,failure,145,no
35,blue-collar,primary,-587,yes,no,-1,0,unknown,111,no
36,blue-collar,primary,367,no,no,221,1,failure,217,no
52,management,tertiary,-1224,yes,no,-1,0,unknown,253,no
45,management,tertiary,959,no,no,-1,0,unknown,74,no
34,management,tertiary,0,no,no,-1,0,unknown,263,no
25,blue-collar,primary,-589,yes,no,-1,0,unknown,233,no
26,management,tertiary,-8,no,no,-1,0,unknown,402,no
57,management,unknown,0,no,no,-1,0,unknown,585,no
48,management,primary,247,yes,yes,-1,0,unknown,145,no
48,technician,unknown,5543,no,no,-1,0,unknown,143,no
32,blue-collar,primary,642,no,yes,-1,0,unknown,524,no
58,retired,secondary,11,no,no,-1,0,unknown,270,no
57,management,primary,-226,yes,no,-1,0,unknown,272,no
31,entrepreneur,tertiary,5191,no,no,-1,0,unknown,187,no
33,blue-collar,secondary,-320,no,no,-1,0,unknown,268,no
53,entrepreneur,tertiary,2289,yes,yes,-1,0,unknown,183,no
36,admin.,secondary,725,yes,no,99,8,failure,123,no
32,technician,tertiary,705,yes,no,-1,0,unknown,20,no
45,blue-collar,secondary,776,yes,no,253,1,failure,232,no
35,unemployed,tertiary,816,yes,no,-1,0,unknown,547,no
41,services,secondary,171,no,no,-1,0,unknown,71,no
54,services,secondary,812,no,no,-1,0,unknown,113,no
49,services,secondary,823,no,no,-1,0,unknown,780,yes
28,technician,secondary,1453,yes,no,343,1,other,246,no
24,blue-collar,unknown,431,yes,no,-1,0,unknown,108,no
30,admin.,secondary,1009,yes,no,-1,0,unknown,253,no
32,self-employed,primary,286,yes,no,-1,0,unknown,175,no
53,entrepreneur,tertiary,22370,yes,no,-1,0,unknown,106,no
42,blue-collar,primary,2111,yes,no,-1,0,unknown,86,no
48,blue-collar,primary,5366,yes,no,-1,0,unknown,248,no
33,technician,secondary,181,yes,yes,-1,0,unknown,265,no
31,blue-collar,secondary,-452,yes,no,-1,0,unknown,182,no
56,unemployed,primary,1770,no,no,-1,0,unknown,916,no
58,retired,primary,0,no,no,-1,0,unknown,506,no
37,admin.,secondary,-296,yes,no,-1,0,unknown,81,no
59,management,primary,2358,yes,no,-1,0,unknown,30,no
50,management,tertiary,1200,no,no,-1,0,unknown,904,yes
39,housemaid,primary,109,yes,no,-1,0,unknown,699,no
30,technician,secondary,616,yes,no,-1,0,unknown,19,no
47,services,secondary,4906,yes,no,-1,0,unknown,389,no
44,self-employed,secondary,313,no,no,-1,0,unknown,211,no
38,blue-collar,primary,290,yes,no,-1,0,unknown,283,no
50,management,tertiary,1240,no,no,-1,0,unknown,474,no
27,admin.,tertiary,3672,yes,no,351,5,failure,157,no
73,retired,secondary,19,no,no,-1,0,unknown,509,no
46,blue-collar,primary,143,yes,no,-1,0,unknown,279,no
56,retired,secondary,212,no,yes,-1,0,unknown,27,no
36,management,tertiary,9,no,no,-1,0,unknown,386,yes
33,blue-collar,primary,3074,no,no,-1,0,unknown,679,no
40,management,tertiary,1734,yes,no,-1,0,unknown,169,no
52,management,tertiary,575,no,no,-1,0,unknown,315,no
51,blue-collar,secondary,397,yes,no,-1,0,unknown,293,no
33,blue-collar,secondary,640,yes,no,-1,0,unknown,439,no
54,services,secondary,158,yes,no,-1,0,unknown,198,no
44,management,secondary,2984,yes,no,-1,0,unknown,770,no
50,entrepreneur,secondary,1011,yes,no,-1,0,unknown,340,no
45,blue-collar,secondary,0,yes,no,192,4,failure,1472,yes
36,management,tertiary,1133,yes,no,181,2,other,293,yes
42,technician,secondary,4945,yes,no,-1,0,unknown,311,yes
37,technician,secondary,712,yes,no,-1,0,unknown,291,no
28,services,secondary,-427,yes,yes,-1,0,unknown,965,no
56,admin.,secondary,2146,no,yes,-1,0,unknown,594,no
59,admin.,secondary,92,yes,no,350,1,failure,139,no
32,unemployed,secondary,10,yes,no,-1,0,unknown,501,no
57,retired,primary,1238,yes,no,-1,0,unknown,274,no
49,admin.,secondary,981,yes,no,-1,0,unknown,10,no
56,entrepreneur,unknown,575,no,no,-1,0,unknown,18,no
48,admin.,unknown,-70,no,no,-1,0,unknown,243,no
27,student,tertiary,3733,yes,no,98,6,success,198,yes
31,management,tertiary,574,yes,no,-1,0,unknown,410,no
28,blue-collar,secondary,43,no,no,-1,0,unknown,190,no
36,management,tertiary,428,no,no,-1,0,unknown,121,no
58,housemaid,primary,0,yes,no,-1,0,unknown,148,no
46,admin.,secondary,0,yes,yes,259,2,failure,239,no
32,management,tertiary,474,yes,no,-1,0,unknown,90,no
39,services,secondary,-540,no,no,-1,0,unknown,29,no
35,self-employed,tertiary,560,yes,no,136,1,failure,58,no
31,management,tertiary,325,yes,no,-1,0,unknown,1139,yes
29,management,tertiary,437,no,no,92,1,success,504,yes
48,blue-collar,primary,574,no,no,-1,0,unknown,348,no
60,retired,primary,0,no,no,-1,0,unknown,130,no
74,retired,secondary,935,no,no,104,1,other,100,no
30,services,secondary,699,yes,no,-1,0,unknown,544,no
52,admin.,primary,0,no,no,-1,0,unknown,182,no
24,blue-collar,secondary,-220,yes,no,-1,0,unknown,90,no
29,services,secondary,11417,yes,no,-1,0,unknown,272,no
33,housemaid,primary,212,yes,no,-1,0,unknown,260,no
34,blue-collar,secondary,67,yes,yes,-1,0,unknown,672,no
45,admin.,secondary,0,no,no,-1,0,unknown,264,yes
31,blue-collar,secondary,0,no,yes,-1,0,unknown,275,no
45,technician,secondary,1673,no,no,-1,0,unknown,76,no
27,services,secondary,-1202,yes,no,-1,0,unknown,749,no
30,management,tertiary,4213,no,no,-1,0,unknown,142,no
45,blue-collar,primary,0,no,no,-1,0,unknown,454,no
57,blue-collar,secondary,1521,yes,yes,178,5,failure,102,no
34,management,tertiary,1310,no,no,158,7,other,521,no
40,admin.,secondary,0,yes,yes,-1,0,unknown,57,no
39,management,tertiary,399,no,no,-1,0,unknown,504,no
46,technician,tertiary,405,no,no,-1,0,unknown,138,no
55,management,tertiary,9756,yes,no,95,1,other,103,yes
25,management,tertiary,2506,no,no,-1,0,unknown,485,yes
34,management,tertiary,697,no,no,-1,0,unknown,166,no
37,blue-collar,primary,403,yes,no,338,1,success,318,no
64,retired,tertiary,890,no,no,-1,0,unknown,531,no
45,technician,secondary,809,yes,no,363,4,failure,155,no
57,housemaid,secondary,158,yes,no,-1,0,unknown,73,no
21,student,unknown,137,yes,no,-1,0,unknown,198,no
58,housemaid,secondary,2705,no,no,-1,0,unknown,137,no
41,blue-collar,secondary,75,yes,no,-1,0,unknown,479,yes
41,management,unknown,2457,yes,no,-1,0,unknown,285,no
58,management,tertiary,541,yes,no,-1,0,unknown,98,no
33,management,tertiary,287,yes,no,274,3,other,199,no
32,management,tertiary,273,yes,yes,-1,0,unknown,97,no
44,services,secondary,0,yes,no,-1,0,unknown,389,no
47,unknown,unknown,677,no,no,99,4,success,384,no
41,self-employed,primary,340,no,no,-1,0,unknown,37,no
54,technician,tertiary,98,no,no,-1,0,unknown,420,no
47,technician,tertiary,477,yes,no,366,1,failure,973,no
32,management,tertiary,2629,no,no,-1,0,unknown,77,no
59,housemaid,tertiary,0,no,yes,-1,0,unknown,376,no
29,technician,tertiary,2325,no,no,-1,0,unknown,125,yes
48,services,secondary,-20,no,no,-1,0,unknown,142,no
32,technician,secondary,230,yes,no,266,8,failure,442,yes
46,management,secondary,-852,no,yes,-1,0,unknown,728,no
31,blue-collar,primary,-280,no,no,-1,0,unknown,281,no
53,blue-collar,secondary,25,no,no,-1,0,unknown,528,yes
34,technician,tertiary,9851,yes,no,-1,0,unknown,128,no
48,services,unknown,5095,yes,no,-1,0,unknown,71,no
32,technician,secondary,687,no,no,-1,0,unknown,161,no
31,management,secondary,1368,yes,no,-1,0,unknown,129,no
27,blue-collar,primary,-179,yes,no,-1,0,unknown,54,no
60,admin.,secondary,-396,yes,no,350,1,failure,443,no
34,blue-collar,tertiary,1011,yes,no,-1,0,unknown,136,no
52,self-employed,secondary,9,no,yes,-1,0,unknown,44,no
48,blue-collar,secondary,1159,yes,yes,-1,0,unknown,1181,no
45,technician,primary,-322,no,no,-1,0,unknown,225,no
54,technician,secondary,1114,yes,no,-1,0,unknown,81,no
52,services,secondary,2072,no,no,-1,0,unknown,224,no
47,entrepreneur,tertiary,459,yes,no,-1,0,unknown,189,no
54,unknown,secondary,1157,no,no,-1,0,unknown,98,no
34,blue-collar,secondary,8309,yes,yes,-1,0,unknown,50,no
39,technician,tertiary,1043,no,no,-1,0,unknown,195,no
46,technician,secondary,2098,no,no,-1,0,unknown,110,no
26,unemployed,secondary,461,no,no,-1,0,unknown,214,no
37,technician,secondary,61,yes,no,-1,0,unknown,182,no
47,blue-collar,secondary,1203,yes,no,-1,0,unknown,239,no
35,technician,secondary,1067,no,yes,-1,0,unknown,179,no
57,unemployed,primary,0,no,no,-1,0,unknown,540,no
34,management,tertiary,1657,yes,no,356,4,failure,566,no
47,technician,secondary,1219,no,no,-1,0,unknown,697,yes
27,technician,secondary,7,yes,no,-1,0,unknown,98,no
40,blue-collar,secondary,-839,yes,yes,-1,0,unknown,1018,yes
39,technician,secondary,994,no,no,241,1,failure,221,no
36,entrepreneur,tertiary,6,no,no,-1,0,unknown,246,no
42,technician,secondary,0,no,no,-1,0,unknown,656,no
23,blue-collar,primary,8627,yes,no,-1,0,unknown,281,no
34,management,tertiary,133,yes,no,-1,0,unknown,65,no
34,blue-collar,secondary,247,yes,yes,-1,0,unknown,193,no
49,services,secondary,1114,no,no,-1,0,unknown,283,no
57,blue-collar,primary,1592,no,yes,-1,0,unknown,78,no
59,retired,unknown,0,no,no,-1,0,unknown,425,no
57,admin.,tertiary,46,no,no,-1,0,unknown,238,no
34,blue-collar,secondary,1221,yes,no,90,8,failure,182,no
61,management,secondary,985,no,no,-1,0,unknown,998,yes
35,blue-collar,secondary,0,yes,no,-1,0,unknown,477,no
42,management,tertiary,520,no,no,-1,0,unknown,158,no
57,services,tertiary,10,no,no,-1,0,unknown,320,no
42,blue-collar,secondary,2157,yes,no,364,2,failure,149,no
53,retired,secondary,6095,yes,yes,-1,0,unknown,410,no
63,retired,tertiary,133,yes,no,-1,0,unknown,104,no
47,self-employed,secondary,1121,no,no,-1,0,unknown,454,no
54,services,secondary,88,yes,no,-1,0,unknown,190,no
45,admin.,secondary,0,no,no,-1,0,unknown,145,no
28,management,tertiary,-328,yes,no,-1,0,unknown,318,no
58,unemployed,secondary,610,yes,no,-1,0,unknown,246,no
48,management,tertiary,414,no,no,-1,0,unknown,761,no
35,management,tertiary,0,yes,no,-1,0,unknown,171,yes
37,self-employed,tertiary,0,no,no,-1,0,unknown,143,no
37,blue-collar,secondary,685,yes,no,-1,0,unknown,968,no
37,management,primary,22856,no,no,388,1,failure,154,no
25,services,secondary,-352,no,no,-1,0,unknown,246,no
58,blue-collar,secondary,602,yes,no,-1,0,unknown,201,no
52,management,secondary,-588,yes,no,-1,0,unknown,81,no
19,student,secondary,302,no,no,-1,0,unknown,205,yes
59,blue-collar,secondary,5314,yes,no,-1,0,unknown,200,no
41,technician,secondary,64,yes,yes,-1,0,unknown,210,no
34,technician,tertiary,632,no,no,-1,0,unknown,215,no
35,technician,secondary,5731,yes,no,167,4,other,164,no
41,technician,secondary,902,no,no,-1,0,unknown,35,no
28,blue-collar,secondary,6307,yes,no,-1,0,unknown,615,no
53,management,secondary,112,no,yes,-1,0,unknown,246,no
35,services,secondary,0,no,yes,-1,0,unknown,42,no
33,admin.,tertiary,621,no,no,-1,0,unknown,217,no
37,technician,secondary,435,yes,no,-1,0,unknown,210,no
32,technician,secondary,782,yes,no,-1,0,unknown,116,no
32,blue-collar,secondary,478,yes,no,-1,0,unknown,200,no
54,services,unknown,7864,yes,no,-1,0,unknown,145,no
44,blue-collar,secondary,1910,yes,no,-1,0,unknown,41,no
36,technician,tertiary,1174,yes,no,-1,0,unknown,192,no
56,admin.,secondary,1270,yes,no,165,2,other,80,no
30,management,tertiary,18,no,no,-1,0,unknown,121,no
36,blue-collar,secondary,141,yes,no,-1,0,unknown,106,no
43,management,tertiary,2886,no,no,-1,0,unknown,230,no
40,technician,secondary,2715,yes,no,-1,0,unknown,125,no
32,technician,tertiary,1100,yes,yes,-1,0,unknown,67,no
34,blue-collar,secondary,516,yes,yes,-1,0,unknown,26,no
37,services,secondary,1,no,no,-1,0,unknown,395,no
28,admin.,secondary,775,no,no,-1,0,unknown,603,no
35,unknown,primary,634,no,no,-1,0,unknown,185,no
53,blue-collar,secondary,5715,no,no,-1,0,unknown,287,no
60,admin.,unknown,1088,yes,no,-1,0,unknown,149,no
40,entrepreneur,secondary,1532,yes,yes,-1,0,unknown,173,no
57,retired,primary,75,no,no,-1,0,unknown,118,no
29,technician,secondary,103,no,no,-1,0,unknown,314,no
44,blue-collar,primary,134,yes,no,-1,0,unknown,378,no
41,admin.,secondary,748,no,no,130,3,other,94,no
47,technician,secondary,1990,yes,yes,-1,0,unknown,108,no
43,technician,tertiary,192,no,no,-1,0,unknown,203,no
37,technician,secondary,267,no,no,-1,0,unknown,121,no
34,technician,tertiary,586,yes,no,-1,0,unknown,489,no
30,blue-collar,secondary,648,yes,yes,-1,0,unknown,287,no
57,entrepreneur,secondary,25,yes,no,370,4,other,652,no
26,admin.,secondary,96,yes,no,348,3,other,612,no
34,management,tertiary,1116,yes,no,-1,0,unknown,53,no
46,technician,secondary,-90,no,yes,-1,0,unknown,270,yes
38,entrepreneur,tertiary,170,yes,no,-1,0,unknown,442,yes
37,technician,secondary,3665,no,no,-1,0,unknown,664,yes
28,management,tertiary,2380,no,no,-1,0,unknown,394,no
57,blue-collar,primary,179,no,no,-1,0,unknown,230,no
39,management,tertiary,763,yes,no,300,2,other,877,yes
49,services,secondary,320,no,no,-1,0,unknown,1971,yes
38,technician,secondary,1960,yes,no,-1,0,unknown,161,no
27,blue-collar,secondary,818,yes,no,-1,0,unknown,188,no
30,admin.,secondary,2678,yes,no,-1,0,unknown,23,no
38,admin.,tertiary,1980,no,no,-1,0,unknown,176,no
36,management,tertiary,1582,no,no,197,1,failure,26,no
38,retired,unknown,62,no,no,-1,0,unknown,212,no
59,housemaid,primary,235,no,no,-1,0,unknown,119,no
37,management,tertiary,489,yes,no,-1,0,unknown,205,no
29,self-employed,tertiary,3931,yes,no,-1,0,unknown,73,no
43,blue-collar,secondary,699,yes,yes,122,2,other,1258,yes
33,technician,secondary,58,yes,no,-1,0,unknown,57,no
54,housemaid,secondary,1327,no,no,-1,0,unknown,115,no
55,services,secondary,557,no,no,-1,0,unknown,58,no
32,technician,tertiary,741,yes,no,-1,0,unknown,238,no
48,management,primary,3230,yes,no,-1,0,unknown,207,no
33,management,tertiary,1439,yes,no,-1,0,unknown,178,no
46,admin.,secondary,120,yes,no,-1,0,unknown,20,no
44,management,tertiary,1058,no,no,-1,0,unknown,188,yes
47,blue-collar,primary,881,yes,no,370,2,failure,143,no
38,technician,secondary,6728,no,no,96,4,success,232,yes
80,retired,secondary,462,no,no,-1,0,unknown,127,no
40,self-employed,secondary,167,yes,yes,295,1,failure,380,no
43,entrepreneur,tertiary,1574,yes,no,-1,0,unknown,167,no
32,technician,tertiary,1625,no,no,109,1,failure,796,yes
39,management,tertiary,562,no,no,-1,0,unknown,303,no
33,technician,secondary,9305,yes,no,-1,0,unknown,407,no
31,technician,secondary,35,no,yes,-1,0,unknown,229,no
36,management,tertiary,0,no,no,-1,0,unknown,108,no
35,management,tertiary,2486,yes,no,-1,0,unknown,265,no
25,services,secondary,368,no,no,-1,0,unknown,168,no
33,management,secondary,1558,yes,no,-1,0,unknown,97,no
23,blue-collar,primary,8627,yes,no,346,1,failure,169,no
31,management,tertiary,2590,no,no,484,2,other,103,no
36,management,tertiary,0,yes,yes,-1,0,unknown,599,no
44,technician,tertiary,900,yes,no,-1,0,unknown,322,no
31,management,tertiary,385,yes,no,-1,0,unknown,304,no
55,blue-collar,primary,1649,yes,no,-1,0,unknown,52,no
51,housemaid,secondary,9228,no,no,-1,0,unknown,655,yes
36,admin.,secondary,0,yes,yes,-1,0,unknown,101,no
27,unemployed,tertiary,1,no,no,-1,0,unknown,65,no
40,services,secondary,771,yes,no,-1,0,unknown,173,no
49,services,secondary,280,yes,no,-1,0,unknown,162,no
59,retired,primary,46,no,no,-1,0,unknown,78,no
32,management,tertiary,2431,yes,no,-1,0,unknown,646,yes
42,retired,tertiary,308,no,no,-1,0,unknown,114,no
35,management,tertiary,160,yes,no,-1,0,unknown,141,no
29,blue-collar,secondary,555,yes,no,-1,0,unknown,133,no
29,technician,secondary,778,yes,no,-1,0,unknown,1994,no
37,blue-collar,secondary,48,no,no,-1,0,unknown,140,no
49,admin.,primary,169,yes,no,-1,0,unknown,82,no
51,services,secondary,12,yes,no,-1,0,unknown,150,no
61,housemaid,primary,848,no,no,187,1,other,605,no
43,management,secondary,481,yes,no,110,2,other,164,no
42,services,tertiary,12223,yes,no,-1,0,unknown,36,no
24,blue-collar,secondary,-254,yes,yes,-1,0,unknown,290,no
46,self-employed,tertiary,1148,no,no,-1,0,unknown,104,no
23,admin.,secondary,5,no,no,-1,0,unknown,413,no
26,services,secondary,50,yes,no,-1,0,unknown,153,no
43,blue-collar,primary,92,yes,no,-1,0,unknown,237,no
35,technician,tertiary,470,yes,no,-1,0,unknown,743,yes
38,technician,secondary,0,no,no,-1,0,unknown,82,no
56,unemployed,primary,109,no,no,-1,0,unknown,924,no
31,services,secondary,440,yes,no,-1,0,unknown,117,no
32,management,tertiary,0,no,no,-1,0,unknown,550,yes
28,services,secondary,2685,no,yes,-1,0,unknown,5,no
26,admin.,secondary,-3,yes,no,-1,0,unknown,181,no
49,management,tertiary,7007,no,no,-1,0,unknown,325,no
33,admin.,secondary,220,yes,no,-1,0,unknown,345,no
80,retired,primary,1548,no,no,-1,0,unknown,331,no
40,blue-collar,secondary,326,yes,yes,-1,0,unknown,112,no
42,technician,secondary,0,yes,no,-1,0,unknown,115,no
46,blue-collar,secondary,123,no,no,-1,0,unknown,381,no
32,management,tertiary,697,no,no,99,3,failure,119,no
37,services,tertiary,223,yes,no,-1,0,unknown,25,no
32,student,secondary,1694,yes,no,-1,0,unknown,929,no
53,management,tertiary,4446,yes,no,-1,0,unknown,429,no
39,management,tertiary,894,yes,no,326,1,other,491,no
31,technician,secondary,202,yes,no,-1,0,unknown,146,no
34,management,tertiary,0,no,no,-1,0,unknown,191,no
44,technician,tertiary,1707,no,no,-1,0,unknown,406,no
35,technician,secondary,13658,yes,no,-1,0,unknown,220,no
39,admin.,secondary,406,no,no,-1,0,unknown,253,no
55,services,secondary,96,no,no,-1,0,unknown,340,no
34,housemaid,secondary,0,yes,no,-1,0,unknown,154,yes
39,technician,tertiary,-276,no,yes,-1,0,unknown,121,no
58,retired,secondary,413,no,no,-1,0,unknown,104,no
37,blue-collar,primary,655,yes,no,258,4,failure,127,no
56,retired,primary,694,no,no,102,1,other,144,yes
32,admin.,secondary,10218,yes,no,-1,0,unknown,149,no
41,technician,tertiary,1646,yes,no,184,6,success,261,yes
29,admin.,tertiary,14,no,no,120,1,failure,87,no
44,management,tertiary,7635,no,no,-1,0,unknown,719,no
24,blue-collar,secondary,9,yes,no,-1,0,unknown,292,no
43,management,secondary,1029,yes,no,-1,0,unknown,145,no
26,admin.,tertiary,2855,no,no,-1,0,unknown,52,no
39,admin.,secondary,260,yes,no,281,1,failure,146,no
49,blue-collar,secondary,2039,yes,no,169,2,failure,451,yes
52,blue-collar,primary,-97,yes,yes,-1,0,unknown,167,no
33,blue-collar,tertiary,1465,no,no,-1,0,unknown,98,no
30,blue-collar,secondary,125,yes,no,-1,0,unknown,238,no
32,technician,tertiary,930,no,no,-1,0,unknown,85,no
27,management,tertiary,0,yes,no,-1,0,unknown,323,no
58,blue-collar,primary,73,no,no,-1,0,unknown,116,no
46,retired,primary,-35,yes,no,-1,0,unknown,304,no
28,management,tertiary,1351,no,no,-1,0,unknown,267,no
39,services,primary,1601,yes,no,-1,0,unknown,201,no
41,services,unknown,88,yes,no,336,2,failure,105,no
38,services,secondary,435,yes,no,-1,0,unknown,193,no
50,unemployed,secondary,717,yes,no,-1,0,unknown,113,no
56,services,secondary,705,yes,no,-1,0,unknown,151,no
34,technician,secondary,1553,no,no,-1,0,unknown,200,no
33,blue-collar,secondary,-131,yes,no,-1,0,unknown,145,no
61,technician,secondary,1191,no,no,-1,0,unknown,214,yes
36,admin.,secondary,47,no,yes,-1,0,unknown,36,no
34,technician,tertiary,544,yes,yes,-1,0,unknown,58,no
36,blue-collar,secondary,688,yes,no,-1,0,unknown,174,no
45,management,tertiary,242,no,no,-1,0,unknown,587,yes
27,student,tertiary,118,no,no,-1,0,unknown,112,no
45,admin.,secondary,-388,yes,no,-1,0,unknown,175,no
40,self-employed,tertiary,1603,no,no,-1,0,unknown,279,no
36,management,secondary,1511,yes,no,-1,0,unknown,270,yes
46,blue-collar,primary,147,yes,no,169,3,failure,116,no
37,entrepreneur,tertiary,836,yes,no,-1,0,unknown,129,no
36,technician,secondary,55,yes,no,369,4,failure,38,no
37,admin.,secondary,1123,no,yes,-1,0,unknown,138,no
22,student,tertiary,691,no,no,-1,0,unknown,338,yes
51,services,secondary,0,no,yes,-1,0,unknown,565,no
49,technician,secondary,12531,no,no,-1,0,unknown,77,no
35,management,tertiary,552,yes,yes,124,1,failure,314,no
50,housemaid,primary,0,no,no,-1,0,unknown,179,no
31,services,tertiary,309,yes,yes,-1,0,unknown,294,no
47,services,secondary,33,yes,no,-1,0,unknown,298,no
59,blue-collar,secondary,681,yes,no,-1,0,unknown,427,no
32,blue-collar,secondary,1787,yes,no,357,4,failure,87,no
71,retired,tertiary,14220,yes,no,-1,0,unknown,397,yes
31,management,tertiary,12569,no,no,295,1,failure,344,yes
41,blue-collar,primary,4,no,no,-1,0,unknown,74,no
35,blue-collar,primary,3587,yes,no,-1,0,unknown,148,no
36,management,tertiary,254,no,no,-1,0,unknown,161,no
46,blue-collar,primary,1712,no,no,-1,0,unknown,110,no
46,blue-collar,secondary,4855,yes,no,397,1,failure,1529,no
47,technician,tertiary,2408,no,no,104,1,success,236,no
35,management,tertiary,252,yes,no,-1,0,unknown,89,no
37,blue-collar,secondary,346,yes,no,316,1,failure,390,no
56,admin.,secondary,45,no,no,-1,0,unknown,1467,yes
46,admin.,secondary,556,yes,yes,-1,0,unknown,646,yes
44,management,tertiary,-710,yes,no,-1,0,unknown,183,no
48,technician,tertiary,-551,yes,no,-1,0,unknown,168,no
28,blue-collar,secondary,56,yes,no,-1,0,unknown,66,no
38,entrepreneur,tertiary,1514,no,yes,120,3,failure,160,no
34,management,tertiary,178,yes,no,-1,0,unknown,14,no
56,technician,secondary,359,yes,no,-1,0,unknown,220,no
55,retired,secondary,1580,no,yes,-1,0,unknown,1007,yes
44,blue-collar,secondary,221,no,no,-1,0,unknown,149,no
38,technician,tertiary,1161,yes,no,-1,0,unknown,665,no
53,retired,secondary,1278,yes,no,-1,0,unknown,174,no
41,admin.,tertiary,982,no,no,-1,0,unknown,105,no
34,technician,secondary,16,no,no,-1,0,unknown,990,yes
34,management,tertiary,1,no,no,-1,0,unknown,582,no
35,services,secondary,128,yes,no,-1,0,unknown,136,no
38,entrepreneur,secondary,2543,no,no,414,4,failure,223,yes
42,entrepreneur,tertiary,42045,no,no,-1,0,unknown,205,no
56,blue-collar,primary,828,yes,no,349,1,failure,214,no
37,management,tertiary,0,yes,no,-1,0,unknown,217,no
47,housemaid,secondary,3940,yes,no,96,5,success,171,no
29,blue-collar,secondary,125,yes,no,-1,0,unknown,50,no
41,management,tertiary,140,yes,no,-1,0,unknown,65,no
43,technician,secondary,593,yes,no,-1,0,unknown,55,no
38,self-employed,secondary,746,no,no,-1,0,unknown,256,no
31,technician,secondary,589,yes,yes,-1,0,unknown,151,no
32,management,tertiary,2343,no,no,-1,0,unknown,226,no
40,management,tertiary,294,yes,no,-1,0,unknown,97,no
45,admin.,secondary,644,no,yes,-1,0,unknown,92,no
43,management,secondary,-26,yes,no,-1,0,unknown,343,no
27,services,secondary,3354,yes,no,-1,0,unknown,493,no
33,management,tertiary,23,no,no,-1,0,unknown,216,no
37,admin.,secondary,7,yes,no,105,1,other,224,no
60,admin.,secondary,3735,no,no,188,9,success,190,yes
51,self-employed,unknown,2094,no,no,-1,0,unknown,458,yes
44,blue-collar,secondary,508,yes,no,154,1,failure,222,no
48,management,unknown,0,yes,no,344,1,other,612,no
57,blue-collar,primary,93,yes,no,-1,0,unknown,137,no
29,technician,tertiary,0,yes,no,-1,0,unknown,104,no
50,services,secondary,26394,no,no,-1,0,unknown,206,no
36,services,secondary,-11,yes,no,-1,0,unknown,172,no
49,technician,tertiary,523,yes,no,-1,0,unknown,152,yes
49,technician,secondary,-74,yes,no,-1,0,unknown,114,no
35,management,tertiary,0,no,no,-1,0,unknown,89,no
39,technician,secondary,122,yes,no,-1,0,unknown,158,no
34,blue-collar,primary,351,no,yes,-1,0,unknown,326,no
57,self-employed,secondary,35,no,yes,-1,0,unknown,215,no
37,technician,secondary,2610,yes,no,-1,0,unknown,53,no
25,services,secondary,64,no,no,-1,0,unknown,71,no
43,blue-collar,primary,60,no,no,367,2,other,487,no
37,blue-collar,secondary,342,yes,no,175,1,failure,340,no
36,blue-collar,tertiary,1830,no,no,91,11,failure,183,no
49,management,tertiary,1904,no,yes,-1,0,unknown,131,no
38,management,tertiary,16957,yes,no,247,2,failure,208,no
39,management,tertiary,26,no,no,-1,0,unknown,311,no
40,management,tertiary,0,no,no,96,8,success,147,yes
34,admin.,secondary,79,yes,no,-1,0,unknown,83,no
39,blue-collar,primary,2303,yes,no,-1,0,unknown,775,yes
53,blue-collar,secondary,65,no,no,-1,0,unknown,25,no
44,management,tertiary,332,yes,no,-1,0,unknown,497,no
32,technician,secondary,-399,yes,no,-1,0,unknown,180,no
50,technician,secondary,-54,yes,yes,292,1,failure,698,yes
29,services,primary,-102,no,no,-1,0,unknown,134,no
55,unemployed,tertiary,4809,yes,no,186,3,other,223,no
73,retired,primary,279,no,no,-1,0,unknown,399,yes
52,technician,secondary,11,yes,no,-1,0,unknown,420,no
49,services,secondary,2201,yes,no,-1,0,unknown,233,no
63,retired,primary,8044,no,no,-1,0,unknown,702,no
34,admin.,secondary,2374,yes,no,209,2,failure,161,yes
32,admin.,secondary,92,yes,no,315,2,failure,110,no
49,housemaid,tertiary,443,no,no,-1,0,unknown,27,no
40,blue-collar,primary,1397,yes,no,334,1,failure,58,no
53,entrepreneur,unknown,7,no,no,-1,0,unknown,68,no
53,technician,tertiary,3177,no,no,-1,0,unknown,92,no
43,blue-collar,primary,232,no,yes,-1,0,unknown,45,no
35,management,secondary,81,yes,no,-1,0,unknown,79,no
35,services,secondary,414,yes,no,319,2,other,11,no
25,student,tertiary,1433,yes,no,-1,0,unknown,520,no
31,technician,unknown,187,no,no,-1,0,unknown,86,no
48,management,tertiary,0,no,no,-1,0,unknown,16,no
40,housemaid,secondary,4610,no,no,-1,0,unknown,154,no
46,blue-collar,primary,1429,yes,no,-1,0,unknown,91,no
30,services,secondary,334,no,no,-1,0,unknown,389,no
47,services,secondary,2,no,yes,-1,0,unknown,71,no
23,services,secondary,500,yes,no,-1,0,unknown,111,no
29,technician,tertiary,43,yes,no,-1,0,unknown,68,no
38,technician,secondary,4030,yes,no,177,5,failure,75,no
56,housemaid,primary,306,no,yes,-1,0,unknown,212,no
52,admin.,secondary,0,no,no,275,1,failure,91,no
55,retired,secondary,168,no,no,-1,0,unknown,79,no
43,entrepreneur,tertiary,210,no,no,-1,0,unknown,646,no
34,blue-collar,secondary,518,yes,no,-1,0,unknown,206,no
43,management,tertiary,1696,yes,no,474,3,failure,257,yes
55,services,secondary,-31,no,yes,-1,0,unknown,81,no
34,blue-collar,secondary,856,yes,no,150,5,other,470,no
34,management,tertiary,318,yes,no,-1,0,unknown,133,no
43,self-employed,tertiary,64,no,no,-1,0,unknown,230,no
39,blue-collar,primary,800,yes,no,-1,0,unknown,76,no
39,technician,unknown,75,no,no,-1,0,unknown,26,no
34,technician,secondary,347,yes,no,197,6,failure,154,no
55,management,tertiary,2366,yes,yes,-1,0,unknown,94,no
67,retired,tertiary,701,no,no,-1,0,unknown,254,yes
34,entrepreneur,tertiary,475,yes,yes,-1,0,unknown,1156,no
47,blue-collar,secondary,3285,no,no,-1,0,unknown,248,no
33,blue-collar,primary,925,no,no,-1,0,unknown,884,no
45,entrepreneur,secondary,128,no,yes,-1,0,unknown,275,no
36,blue-collar,secondary,1587,yes,no,-1,0,unknown,200,no
59,technician,secondary,879,yes,no,-1,0,unknown,228,no
33,services,secondary,478,no,no,-1,0,unknown,475,yes
52,technician,secondary,280,no,no,-1,0,unknown,393,no
53,blue-collar,primary,1868,no,no,-1,0,unknown,156,no
41,unemployed,primary,819,no,no,-1,0,unknown,244,no
45,blue-collar,secondary,4646,yes,no,-1,0,unknown,118,no
60,self-employed,secondary,27,no,no,-1,0,unknown,40,no
32,blue-collar,secondary,736,yes,no,-1,0,unknown,700,no
28,management,tertiary,224,yes,no,-1,0,unknown,97,no
31,technician,secondary,2544,no,no,184,3,success,252,yes
53,blue-collar,secondary,427,no,yes,-1,0,unknown,360,no
58,management,tertiary,2764,no,no,-1,0,unknown,235,no
38,blue-collar,secondary,376,yes,no,-1,0,unknown,1521,no
46,management,tertiary,523,yes,no,366,2,failure,105,no
53,entrepreneur,tertiary,71,no,yes,-1,0,unknown,86,no
56,retired,secondary,3948,no,no,135,3,failure,484,no
52,services,secondary,1810,no,no,-1,0,unknown,117,no
38,technician,secondary,994,no,no,-1,0,unknown,119,no
37,services,primary,52,yes,no,-1,0,unknown,359,no
37,blue-collar,primary,11,no,no,-1,0,unknown,109,no
37,technician,secondary,0,no,no,-1,0,unknown,236,no
66,retired,primary,747,no,no,93,1,failure,203,no
44,blue-collar,primary,2657,yes,no,-1,0,unknown,202,no
61,retired,secondary,313,no,yes,-1,0,unknown,42,no
34,admin.,secondary,61,no,yes,-1,0,unknown,21,no
33,admin.,secondary,2557,yes,no,-1,0,unknown,186,no
30,services,secondary,0,yes,no,-1,0,unknown,172,no
27,services,secondary,10,yes,no,-1,0,unknown,527,no
37,services,secondary,658,yes,no,-1,0,unknown,175,no
38,blue-collar,primary,1679,yes,no,-1,0,unknown,21,no
35,management,tertiary,0,no,yes,-1,0,unknown,370,no
50,technician,secondary,841,yes,no,-1,0,unknown,54,no
39,management,secondary,0,yes,no,-1,0,unknown,63,no
35,management,secondary,1160,yes,no,-1,0,unknown,116,no
36,admin.,secondary,-37,yes,no,-1,0,unknown,151,no
28,services,secondary,94,yes,no,-1,0,unknown,300,no
39,self-employed,tertiary,585,yes,no,181,3,failure,48,no
39,self-employed,secondary,235,no,no,-1,0,unknown,217,no
30,blue-collar,secondary,2145,yes,no,-1,0,unknown,727,yes
32,services,secondary,1464,yes,no,-1,0,unknown,193,no
28,technician,secondary,232,yes,yes,261,1,failure,72,no
47,technician,primary,187,yes,no,-1,0,unknown,165,no
53,management,tertiary,12,no,no,-1,0,unknown,345,no
57,blue-collar,primary,318,yes,no,-1,0,unknown,206,no
47,services,secondary,405,no,yes,-1,0,unknown,994,yes
56,management,tertiary,334,yes,no,-1,0,unknown,127,no
38,admin.,primary,0,yes,no,-1,0,unknown,29,no
52,blue-collar,primary,2,no,no,-1,0,unknown,70,no
46,technician,secondary,966,yes,yes,-1,0,unknown,40,no
57,blue-collar,primary,195,no,yes,-1,0,unknown,185,no
42,blue-collar,unknown,0,no,no,-1,0,unknown,64,no
57,unemployed,secondary,0,no,no,-1,0,unknown,97,no
51,housemaid,secondary,260,no,no,-1,0,unknown,316,no
53,self-employed,tertiary,451,yes,no,249,2,failure,125,no
37,blue-collar,primary,3242,yes,no,-1,0,unknown,233,no
47,self-employed,secondary,8515,yes,no,112,4,other,14,no
48,management,tertiary,1808,yes,no,-1,0,unknown,245,yes
39,blue-collar,primary,20,yes,no,-1,0,unknown,109,no
42,blue-collar,secondary,3068,yes,yes,-1,0,unknown,429,no
36,management,tertiary,23,no,no,-1,0,unknown,133,no
34,technician,secondary,1076,no,no,-1,0,unknown,70,no
61,retired,primary,1060,yes,no,-1,0,unknown,118,no
32,admin.,secondary,678,yes,no,246,4,failure,1579,yes
35,blue-collar,primary,1147,yes,yes,-1,0,unknown,29,no
54,blue-collar,secondary,-630,no,no,-1,0,unknown,173,no
31,management,tertiary,459,no,no,-1,0,unknown,13,no
45,technician,secondary,976,yes,no,338,2,failure,183,no
32,housemaid,tertiary,357,yes,no,-1,0,unknown,175,no
52,unemployed,secondary,-9,no,no,-1,0,unknown,123,no
36,admin.,secondary,1927,yes,no,137,1,other,288,no
31,services,secondary,500,yes,no,-1,0,unknown,19,no
53,technician,secondary,9146,no,no,-1,0,unknown,136,no
43,entrepreneur,secondary,59,no,no,-1,0,unknown,437,no
47,housemaid,primary,0,no,no,-1,0,unknown,1225,no
46,blue-collar,primary,328,yes,no,-1,0,unknown,526,no
34,management,secondary,291,no,no,-1,0,unknown,91,no
55,technician,tertiary,-703,yes,no,-1,0,unknown,123,no
23,admin.,secondary,589,yes,no,-1,0,unknown,62,no
75,blue-collar,secondary,6053,no,no,190,1,failure,865,no
58,admin.,secondary,1142,no,no,-1,0,unknown,82,no
35,admin.,secondary,725,yes,no,133,1,failure,219,no
27,management,tertiary,802,no,no,-1,0,unknown,569,yes
24,technician,secondary,556,yes,no,-1,0,unknown,460,yes
48,admin.,secondary,191,yes,no,-1,0,unknown,238,no
31,technician,secondary,373,no,no,-1,0,unknown,346,no
57,technician,secondary,6164,no,no,-1,0,unknown,161,no
53,management,tertiary,37,no,no,-1,0,unknown,51,no
42,blue-collar,primary,1156,yes,no,-1,0,unknown,37,no
50,entrepreneur,secondary,806,yes,yes,297,2,other,141,no
59,admin.,secondary,2381,no,no,-1,0,unknown,173,no
38,services,secondary,-314,yes,no,-1,0,unknown,66,no
39,blue-collar,secondary,285,yes,yes,-1,0,unknown,209,no
28,blue-collar,primary,1199,yes,no,-1,0,unknown,1011,no
55,management,tertiary,481,yes,no,298,3,failure,147,no
33,technician,tertiary,137,no,no,-1,0,unknown,88,no
36,blue-collar,secondary,168,yes,no,-1,0,unknown,52,no
38,admin.,secondary,156,yes,no,-1,0,unknown,544,no
28,admin.,secondary,4745,no,no,181,5,success,360,yes
32,management,tertiary,11797,yes,no,-1,0,unknown,95,no
35,admin.,secondary,786,no,yes,-1,0,unknown,322,no
58,technician,primary,4015,no,no,-1,0,unknown,106,no
30,services,secondary,0,yes,no,-1,0,unknown,20,no
33,blue-collar,secondary,331,yes,no,365,5,other,178,no
36,blue-collar,secondary,1554,yes,no,-1,0,unknown,325,no
32,services,secondary,132,yes,yes,-1,0,unknown,343,no
34,management,tertiary,5086,no,no,-1,0,unknown,213,yes
42,admin.,secondary,529,yes,yes,-1,0,unknown,193,no
41,management,tertiary,4824,no,yes,-1,0,unknown,168,no
63,retired,secondary,474,no,no,-1,0,unknown,423,yes
38,admin.,tertiary,86,yes,no,-1,0,unknown,218,no
54,blue-collar,primary,2281,yes,no,-1,0,unknown,158,no
39,services,secondary,186,yes,no,-1,0,unknown,433,no
46,blue-collar,secondary,137,no,no,-1,0,unknown,252,no
37,technician,tertiary,6968,no,no,-1,0,unknown,175,no
76,retired,primary,86,no,no,-1,0,unknown,192,no
28,management,unknown,81,no,yes,-1,0,unknown,158,no
33,services,primary,6904,no,no,-1,0,unknown,114,no
46,self-employed,tertiary,137,yes,yes,-1,0,unknown,246,no
30,student,secondary,25,no,no,-1,0,unknown,44,no
60,management,tertiary,759,no,no,-1,0,unknown,136,no
56,housemaid,tertiary,1922,yes,no,-1,0,unknown,247,no
24,student,unknown,3298,yes,no,-1,0,unknown,227,no
58,retired,secondary,764,no,no,-1,0,unknown,219,no
79,retired,primary,8556,no,no,272,2,success,326,yes
32,blue-collar,secondary,3514,yes,no,-1,0,unknown,226,no
33,services,primary,0,yes,no,-1,0,unknown,351,no
77,retired,primary,680,no,no,94,3,failure,341,no
60,housemaid,primary,0,no,yes,-1,0,unknown,124,no
54,management,tertiary,2819,no,no,-1,0,unknown,123,no
30,blue-collar,primary,-518,yes,yes,-1,0,unknown,244,no
50,services,secondary,60,no,yes,-1,0,unknown,151,no
50,management,secondary,732,no,no,-1,0,unknown,736,no
37,technician,secondary,2707,yes,no,-1,0,unknown,109,no
41,technician,tertiary,177,yes,no,-1,0,unknown,117,no
49,admin.,secondary,13229,no,yes,-1,0,unknown,77,no
41,blue-collar,primary,-204,yes,yes,-1,0,unknown,42,no
40,technician,secondary,990,yes,no,-1,0,unknown,252,no
38,blue-collar,secondary,648,yes,no,-1,0,unknown,179,no
34,technician,secondary,50,no,no,-1,0,unknown,106,no
49,entrepreneur,secondary,1916,no,yes,-1,0,unknown,281,no
72,retired,primary,763,no,no,-1,0,unknown,384,yes
34,blue-collar,secondary,470,yes,yes,-1,0,unknown,217,no
31,technician,secondary,0,no,yes,-1,0,unknown,144,no
33,blue-collar,secondary,5739,yes,yes,-1,0,unknown,374,no
31,management,tertiary,0,no,no,-1,0,unknown,298,no
55,management,tertiary,-375,no,no,-1,0,unknown,814,yes
25,unemployed,secondary,157,yes,no,-1,0,unknown,33,no
34,management,tertiary,1518,yes,no,-1,0,unknown,128,no
53,management,tertiary,1343,no,no,-1,0,unknown,129,no
39,management,tertiary,-401,yes,no,-1,0,unknown,274,no
41,management,primary,5310,yes,no,-1,0,unknown,984,yes
32,blue-collar,secondary,2285,yes,no,-1,0,unknown,413,no
29,admin.,secondary,22171,yes,no,355,3,failure,44,no
56,management,tertiary,856,yes,yes,7,7,other,70,no
19,student,unknown,1169,no,no,-1,0,unknown,463,no
39,management,tertiary,3797,no,no,-1,0,unknown,96,no
32,blue-collar,secondary,53,yes,no,195,1,failure,276,no
43,blue-collar,primary,2519,yes,no,146,9,other,257,no
32,entrepreneur,primary,795,no,no,-1,0,unknown,131,no
53,admin.,secondary,0,yes,yes,-1,0,unknown,586,no
52,blue-collar,secondary,2087,yes,no,474,1,failure,267,yes
43,technician,secondary,34,no,no,-1,0,unknown,29,no
48,technician,secondary,5,no,no,-1,0,unknown,65,no
27,technician,secondary,15,yes,no,-1,0,unknown,67,no
27,management,tertiary,390,no,no,82,1,success,190,no
51,management,unknown,712,no,no,-1,0,unknown,287,no
39,admin.,tertiary,2600,yes,no,-1,0,unknown,77,no
33,blue-collar,secondary,-241,yes,yes,-1,0,unknown,169,no
50,blue-collar,primary,1545,yes,no,-1,0,unknown,25,no
59,retired,secondary,1026,no,no,-1,0,unknown,669,yes
58,housemaid,primary,435,yes,no,-1,0,unknown,122,no
54,technician,tertiary,876,no,no,541,3,success,269,yes
60,blue-collar,secondary,1801,no,no,-1,0,unknown,167,no
38,management,tertiary,2278,yes,yes,-1,0,unknown,244,no
39,blue-collar,unknown,157,yes,no,-1,0,unknown,99,no
40,admin.,secondary,1327,yes,yes,-1,0,unknown,76,no
55,blue-collar,primary,284,no,yes,-1,0,unknown,252,no
36,management,tertiary,495,no,no,182,6,success,213,yes
31,admin.,secondary,1588,yes,no,-1,0,unknown,14,no
38,services,secondary,0,yes,no,-1,0,unknown,121,no
52,management,secondary,428,yes,no,-1,0,unknown,153,no
45,admin.,primary,542,no,no,350,3,other,8,no
32,blue-collar,primary,66,no,no,-1,0,unknown,244,no
58,blue-collar,secondary,314,no,no,-1,0,unknown,67,no
35,management,tertiary,24,yes,no,231,2,failure,169,no
36,management,tertiary,613,no,no,-1,0,unknown,86,no
55,retired,secondary,1467,no,yes,-1,0,unknown,277,no
45,blue-collar,secondary,192,yes,no,176,1,other,154,no
49,management,secondary,321,no,no,-1,0,unknown,135,no
44,blue-collar,secondary,788,yes,no,-1,0,unknown,392,no
37,blue-collar,secondary,48,yes,no,-1,0,unknown,133,no
35,blue-collar,secondary,262,no,no,109,4,success,96,no
36,blue-collar,secondary,4438,yes,no,-1,0,unknown,446,yes
44,services,secondary,5045,yes,no,175,15,other,20,no
32,blue-collar,tertiary,3014,yes,no,-1,0,unknown,291,no
56,management,tertiary,21664,no,no,-1,0,unknown,214,no
32,management,tertiary,5878,no,no,-1,0,unknown,159,no
35,entrepreneur,tertiary,2723,yes,yes,-1,0,unknown,275,no
44,management,secondary,576,yes,no,-1,0,unknown,128,no
59,entrepreneur,primary,0,no,no,153,1,failure,207,no
31,blue-collar,tertiary,2197,yes,no,-1,0,unknown,146,no
60,blue-collar,unknown,104,yes,no,-1,0,unknown,22,no
33,technician,secondary,1279,yes,no,349,3,success,239,no
45,admin.,secondary,295,yes,no,-1,0,unknown,92,no
45,blue-collar,primary,2128,yes,no,-1,0,unknown,149,no
57,admin.,secondary,367,no,no,-1,0,unknown,107,no
36,management,tertiary,1477,no,no,-1,0,unknown,71,no
30,blue-collar,primary,71,yes,no,-1,0,unknown,122,no
30,admin.,secondary,127,yes,no,368,1,other,16,no
59,unemployed,secondary,2921,no,no,-1,0,unknown,251,no
58,management,tertiary,16264,no,no,-1,0,unknown,215,no
49,retired,primary,1672,no,no,-1,0,unknown,128,no
48,technician,tertiary,9207,no,no,-1,0,unknown,445,no
28,technician,tertiary,356,no,no,-1,0,unknown,76,no
59,management,primary,133,yes,no,-1,0,unknown,206,no
40,management,tertiary,1217,yes,yes,-1,0,unknown,155,no
32,technician,secondary,202,yes,no,201,1,failure,429,no
58,blue-collar,secondary,590,no,yes,-1,0,unknown,133,no
28,self-employed,tertiary,442,no,no,95,3,other,474,yes
27,technician,tertiary,808,yes,no,364,1,other,578,no
38,management,tertiary,427,yes,no,169,2,failure,17,no
53,technician,tertiary,431,yes,no,-1,0,unknown,74,no
60,services,tertiary,4256,yes,no,761,1,other,239,yes
33,management,tertiary,0,yes,yes,-1,0,unknown,275,no
52,services,secondary,238,yes,no,362,5,other,101,no
64,retired,tertiary,846,no,no,181,3,failure,671,yes
40,blue-collar,secondary,3,no,no,-1,0,unknown,998,yes
52,admin.,secondary,693,no,no,-1,0,unknown,271,no
28,student,secondary,0,yes,no,-1,0,unknown,133,no
49,management,secondary,362,yes,no,-1,0,unknown,84,no
28,technician,secondary,618,yes,no,-1,0,unknown,281,no
29,technician,tertiary,2893,yes,no,-1,0,unknown,250,no
87,retired,primary,230,no,no,-1,0,unknown,144,yes
37,management,secondary,1287,yes,no,-1,0,unknown,432,no
36,services,primary,179,no,no,-1,0,unknown,411,no
35,self-employed,tertiary,980,no,no,336,6,failure,428,no
33,admin.,tertiary,79,yes,no,335,2,failure,249,yes
60,admin.,secondary,3043,no,no,-1,0,unknown,235,no
25,management,tertiary,808,no,no,114,2,failure,267,yes
69,retired,secondary,745,no,no,-1,0,unknown,595,no
41,student,secondary,1309,no,no,-1,0,unknown,28,no
48,management,secondary,290,yes,no,-1,0,unknown,257,no
35,blue-collar,primary,1792,yes,no,-1,0,unknown,630,yes
30,blue-collar,secondary,178,yes,no,-1,0,unknown,747,no
59,management,tertiary,0,no,no,-1,0,unknown,87,no
32,management,tertiary,537,no,no,-1,0,unknown,187,no
28,blue-collar,secondary,416,yes,no,-1,0,unknown,452,no
60,blue-collar,primary,1472,no,no,-1,0,unknown,36,no
36,management,primary,3953,yes,no,-1,0,unknown,277,no
32,management,tertiary,112,yes,no,-1,0,unknown,118,no
34,management,tertiary,13204,yes,yes,-1,0,unknown,197,no
58,blue-collar,secondary,0,no,yes,-1,0,unknown,101,no
53,management,unknown,2240,yes,no,385,1,success,282,yes
31,management,tertiary,22546,yes,no,267,4,failure,8,no
33,admin.,secondary,0,yes,no,-1,0,unknown,1448,yes
46,unemployed,primary,23,no,no,-1,0,unknown,344,no
29,blue-collar,secondary,228,yes,no,342,9,failure,12,no
37,self-employed,secondary,215,yes,no,-1,0,unknown,61,no
58,blue-collar,primary,23,yes,no,-1,0,unknown,91,no
34,management,secondary,293,yes,no,-1,0,unknown,162,no
34,blue-collar,secondary,0,no,yes,-1,0,unknown,339,no
49,entrepreneur,primary,199,no,no,-1,0,unknown,113,no
53,admin.,secondary,459,no,no,-1,0,unknown,558,yes
42,unemployed,secondary,8131,yes,no,-1,0,unknown,69,no
40,services,secondary,-378,yes,yes,295,6,failure,541,no
30,blue-collar,primary,395,no,no,-1,0,unknown,429,no
31,technician,secondary,10787,yes,no,-1,0,unknown,135,no
55,admin.,secondary,865,yes,no,111,3,failure,96,no
36,management,tertiary,340,yes,no,-1,0,unknown,68,no
31,blue-collar,secondary,1882,no,no,-1,0,unknown,529,no
26,management,tertiary,265,no,no,-1,0,unknown,650,no
31,admin.,secondary,389,yes,no,185,2,failure,69,no
49,admin.,secondary,0,yes,yes,-1,0,unknown,71,no
54,management,tertiary,384,yes,no,-1,0,unknown,30,no
47,management,tertiary,94,yes,no,-1,0,unknown,9,no
61,management,secondary,1471,no,no,-1,0,unknown,331,no
49,blue-collar,primary,937,yes,no,-1,0,unknown,66,no
51,technician,secondary,500,yes,no,-1,0,unknown,26,no
53,blue-collar,primary,25,yes,no,-1,0,unknown,266,no
35,management,tertiary,365,no,no,-1,0,unknown,168,no
25,unemployed,secondary,34,no,yes,-1,0,unknown,316,no
79,retired,primary,429,no,no,-1,0,unknown,1006,yes
53,technician,primary,6839,yes,no,-1,0,unknown,77,no
21,student,secondary,6,no,no,-1,0,unknown,622,no
33,blue-collar,secondary,467,yes,no,-1,0,unknown,494,no
40,self-employed,secondary,1876,no,yes,-1,0,unknown,269,no
34,entrepreneur,secondary,1847,yes,no,321,6,failure,543,no
52,unknown,primary,247,no,no,-1,0,unknown,268,no
27,admin.,secondary,897,no,no,-1,0,unknown,397,yes
57,services,secondary,4664,no,no,114,1,failure,22,no
51,self-employed,secondary,1291,yes,no,-1,0,unknown,51,no
31,student,tertiary,64,no,no,105,2,success,208,no
49,unemployed,tertiary,-471,yes,no,185,7,failure,77,no
32,management,tertiary,1160,yes,yes,-1,0,unknown,450,no
28,admin.,tertiary,14,no,no,-1,0,unknown,201,no
33,blue-collar,secondary,26,yes,no,332,1,other,342,no
50,blue-collar,unknown,452,no,no,-1,0,unknown,181,no
42,blue-collar,secondary,382,yes,no,-1,0,unknown,294,no
45,admin.,unknown,2033,no,no,186,4,failure,123,no
34,unemployed,secondary,0,yes,no,-1,0,unknown,172,no
56,admin.,unknown,789,yes,no,360,2,failure,1022,no
33,blue-collar,secondary,142,yes,no,360,3,other,123,no
34,admin.,secondary,645,yes,no,-1,0,unknown,420,no
37,blue-collar,unknown,897,yes,no,280,2,failure,119,no
37,blue-collar,secondary,103,yes,no,-1,0,unknown,153,no
35,admin.,secondary,847,yes,no,-1,0,unknown,85,no
38,unknown,tertiary,0,no,no,95,3,success,260,yes
32,blue-collar,secondary,517,yes,no,-1,0,unknown,528,no
52,technician,tertiary,1308,yes,no,-1,0,unknown,361,no
49,services,secondary,66,yes,yes,-1,0,unknown,59,no
46,management,secondary,361,yes,no,-1,0,unknown,86,no
42,entrepreneur,primary,66,yes,yes,-1,0,unknown,139,no
36,blue-collar,unknown,70,yes,no,-1,0,unknown,219,no
32,services,secondary,180,yes,no,-1,0,unknown,45,no
49,technician,tertiary,279,yes,no,-1,0,unknown,168,no
46,services,secondary,4,no,no,261,5,other,268,yes
40,entrepreneur,secondary,1416,yes,no,-1,0,unknown,210,no
36,admin.,secondary,465,yes,no,-1,0,unknown,160,no
36,admin.,secondary,998,yes,no,-1,0,unknown,1044,no
34,technician,secondary,550,no,yes,-1,0,unknown,601,no
46,management,tertiary,1285,yes,no,-1,0,unknown,89,no
32,services,tertiary,4908,no,yes,-1,0,unknown,491,no
32,unemployed,tertiary,336,yes,no,-1,0,unknown,139,no
32,management,tertiary,131,no,no,-1,0,unknown,267,no
43,management,tertiary,348,no,yes,-1,0,unknown,88,no
25,self-employed,tertiary,453,yes,no,-1,0,unknown,134,no
55,admin.,secondary,1102,yes,no,-1,0,unknown,126,no
24,admin.,secondary,926,yes,yes,-1,0,unknown,191,no
40,management,tertiary,502,yes,no,270,3,other,267,no
38,management,tertiary,8669,yes,no,150,6,failure,5,no
48,blue-collar,primary,316,no,no,-1,0,unknown,560,no
36,management,tertiary,9324,yes,no,-1,0,unknown,138,no
57,management,tertiary,0,no,no,-1,0,unknown,188,no
45,admin.,secondary,72,yes,yes,352,2,failure,262,no
33,self-employed,tertiary,61,no,no,-1,0,unknown,836,yes
38,technician,secondary,173,no,no,-1,0,unknown,150,no
26,services,secondary,-162,yes,no,-1,0,unknown,44,no
30,management,tertiary,47,no,yes,-1,0,unknown,11,no
55,services,tertiary,1983,yes,no,-1,0,unknown,123,no
34,blue-collar,secondary,326,yes,yes,-1,0,unknown,150,no
60,admin.,secondary,2552,no,yes,2,4,other,255,no
36,management,tertiary,1283,no,no,-1,0,unknown,92,no
65,housemaid,primary,2179,yes,no,-1,0,unknown,112,no
39,self-employed,tertiary,1047,no,no,-1,0,unknown,554,yes
52,blue-collar,primary,36,no,no,-1,0,unknown,109,no
55,technician,secondary,-308,no,no,-1,0,unknown,781,yes
26,management,tertiary,1177,no,no,-1,0,unknown,116,no
40,self-employed,primary,2077,yes,no,173,24,other,363,no
52,entrepreneur,secondary,0,no,no,-1,0,unknown,82,no
29,self-employed,tertiary,1,no,no,-1,0,unknown,167,no
41,blue-collar,primary,7735,yes,no,190,1,failure,220,no
30,technician,tertiary,1922,yes,no,-1,0,unknown,546,no
28,student,secondary,153,no,no,-1,0,unknown,1124,yes
26,blue-collar,secondary,2770,yes,no,-1,0,unknown,141,no
58,management,secondary,139,no,no,161,2,other,188,no
29,management,tertiary,21,yes,no,371,3,failure,107,no
48,technician,secondary,178,yes,no,-1,0,unknown,320,no
35,blue-collar,secondary,444,yes,no,-1,0,unknown,244,no
26,services,secondary,209,yes,no,-1,0,unknown,319,no
49,blue-collar,unknown,3096,no,no,-1,0,unknown,147,no
34,admin.,secondary,5320,no,no,467,5,other,114,no
32,services,secondary,4885,yes,yes,-1,0,unknown,400,no
31,admin.,secondary,0,yes,yes,-1,0,unknown,79,no
48,unemployed,primary,5462,no,no,-1,0,unknown,29,no
40,blue-collar,secondary,6767,yes,no,-1,0,unknown,97,no
42,technician,secondary,2974,yes,no,-1,0,unknown,187,no
48,technician,secondary,427,no,no,-1,0,unknown,201,no
38,services,secondary,8876,no,no,75,1,failure,280,no
53,management,tertiary,146,no,no,-1,0,unknown,150,no
59,retired,secondary,319,no,no,-1,0,unknown,129,no
28,unemployed,secondary,304,no,no,-1,0,unknown,516,no
41,blue-collar,primary,389,yes,no,-1,0,unknown,127,no
50,management,primary,766,no,no,-1,0,unknown,174,no
31,admin.,secondary,0,yes,no,-1,0,unknown,82,no
30,technician,secondary,3107,yes,no,-1,0,unknown,1516,no
59,admin.,secondary,174,yes,no,-1,0,unknown,204,no
33,technician,secondary,-305,no,yes,-1,0,unknown,109,no
35,self-employed,secondary,670,no,no,-1,0,unknown,378,no
30,management,tertiary,6164,yes,no,-1,0,unknown,152,no
71,retired,secondary,2850,no,no,-1,0,unknown,185,yes
30,services,primary,79,yes,no,-1,0,unknown,317,no
24,services,secondary,110,yes,no,-1,0,unknown,27,no
34,technician,secondary,5039,no,no,-1,0,unknown,205,no
34,blue-collar,secondary,360,yes,no,182,2,failure,46,no
52,admin.,secondary,199,no,no,189,1,other,978,no
33,self-employed,secondary,238,yes,yes,-1,0,unknown,45,no
38,blue-collar,secondary,5092,yes,no,-1,0,unknown,145,no
41,admin.,secondary,1088,yes,no,-1,0,unknown,138,no
42,management,tertiary,221,yes,no,-1,0,unknown,720,no
38,blue-collar,secondary,889,no,yes,-1,0,unknown,362,no
48,blue-collar,primary,750,yes,no,-1,0,unknown,90,no
34,technician,secondary,0,yes,yes,-1,0,unknown,214,no
46,blue-collar,primary,1291,yes,no,259,17,failure,142,no
33,technician,secondary,1844,yes,no,-1,0,unknown,241,no
40,management,tertiary,89,yes,yes,-1,0,unknown,148,no
36,admin.,secondary,4280,no,no,-1,0,unknown,227,no
32,technician,secondary,0,no,no,-1,0,unknown,126,no
33,blue-collar,secondary,625,yes,no,-1,0,unknown,410,no
55,technician,unknown,574,yes,no,-1,0,unknown,243,no
58,management,primary,320,yes,no,-1,0,unknown,171,no
25,technician,tertiary,468,yes,no,-1,0,unknown,147,no
47,services,secondary,440,yes,no,-1,0,unknown,91,no
40,unemployed,secondary,0,yes,no,183,1,failure,332,no
59,retired,secondary,5706,yes,no,-1,0,unknown,471,no
40,management,tertiary,7780,no,no,355,1,other,364,no
30,management,secondary,-559,yes,yes,167,2,failure,98,no
25,entrepreneur,tertiary,16874,yes,yes,-1,0,unknown,117,no
58,retired,primary,1987,no,no,-1,0,unknown,185,no
39,entrepreneur,unknown,98,yes,no,367,1,other,59,no
40,self-employed,tertiary,642,no,no,-1,0,unknown,147,no
38,blue-collar,secondary,526,yes,yes,-1,0,unknown,553,no
66,management,tertiary,6483,no,no,-1,0,unknown,275,no
47,management,tertiary,2306,no,no,-1,0,unknown,239,yes
37,blue-collar,secondary,954,yes,no,-1,0,unknown,402,no
36,management,tertiary,-679,yes,yes,93,1,failure,172,no
50,blue-collar,primary,-1,no,no,-1,0,unknown,195,no
76,retired,primary,2590,no,no,-1,0,unknown,68,no
58,management,tertiary,331,no,yes,-1,0,unknown,82,no
42,admin.,secondary,4209,yes,no,-1,0,unknown,57,no
58,services,secondary,462,no,no,93,1,success,495,yes
28,self-employed,tertiary,0,yes,no,-1,0,unknown,479,no
41,technician,secondary,0,no,no,-1,0,unknown,141,no
30,management,tertiary,151,no,no,-1,0,unknown,82,no
32,management,tertiary,883,yes,no,185,5,other,798,yes
27,services,secondary,266,no,yes,-1,0,unknown,232,no
48,management,tertiary,0,no,no,-1,0,unknown,60,no
36,technician,tertiary,491,yes,no,-1,0,unknown,103,no
54,management,tertiary,3,no,yes,-1,0,unknown,443,no
36,blue-collar,secondary,198,yes,no,-1,0,unknown,400,no
52,housemaid,secondary,14363,no,no,-1,0,unknown,132,no
34,technician,secondary,0,yes,yes,-1,0,unknown,374,no
43,technician,secondary,136,no,no,-1,0,unknown,363,yes
32,management,tertiary,28,no,no,-1,0,unknown,111,no
33,management,tertiary,335,no,no,-1,0,unknown,130,no
51,housemaid,unknown,174,no,no,-1,0,unknown,308,no
39,unemployed,secondary,270,yes,no,-1,0,unknown,116,no
44,management,tertiary,1206,no,no,-1,0,unknown,160,no
49,housemaid,primary,198,yes,no,-1,0,unknown,205,no
25,technician,tertiary,914,yes,no,-1,0,unknown,185,no
39,self-employed,secondary,31,yes,no,181,4,failure,61,no
54,technician,secondary,0,no,no,106,6,success,159,no
32,management,tertiary,347,yes,no,264,6,failure,213,no
36,management,tertiary,860,yes,no,-1,0,unknown,294,no
54,technician,secondary,89,yes,no,-1,0,unknown,140,no
31,technician,secondary,0,yes,yes,223,9,other,71,no
45,services,secondary,0,no,yes,-1,0,unknown,47,no
31,admin.,secondary,68,yes,no,-1,0,unknown,570,no
45,technician,secondary,-149,yes,no,-1,0,unknown,287,no
33,services,secondary,2411,yes,no,161,1,failure,130,yes
46,management,tertiary,225,yes,no,345,1,other,201,no
43,unknown,tertiary,2731,no,no,-1,0,unknown,11,no
50,management,tertiary,112,yes,no,85,5,other,70,no
44,management,tertiary,0,no,no,-1,0,unknown,54,no
42,services,secondary,3620,yes,no,-1,0,unknown,22,no
26,blue-collar,secondary,179,no,no,-1,0,unknown,103,no
47,admin.,secondary,1544,yes,no,312,1,failure,104,no
48,blue-collar,primary,199,no,no,-1,0,unknown,29,no
60,blue-collar,unknown,231,yes,no,-1,0,unknown,57,no
27,admin.,secondary,76,yes,no,-1,0,unknown,236,no
30,unemployed,tertiary,302,no,no,-1,0,unknown,528,yes
28,admin.,secondary,189,yes,no,-1,0,unknown,68,no
58,retired,primary,565,no,no,-1,0,unknown,876,yes
37,entrepreneur,tertiary,310,no,no,-1,0,unknown,76,no
36,services,secondary,1746,yes,no,-1,0,unknown,99,no
39,technician,secondary,6,yes,no,357,4,failure,122,no
52,unemployed,primary,-110,no,yes,-1,0,unknown,141,no
55,retired,secondary,2749,yes,yes,-1,0,unknown,58,no
30,management,tertiary,6495,no,no,-1,0,unknown,78,no
36,blue-collar,secondary,35,yes,no,-1,0,unknown,435,no
39,admin.,secondary,-650,no,no,364,1,failure,123,no
47,blue-collar,primary,292,no,yes,-1,0,unknown,210,no
42,housemaid,primary,5774,yes,no,-1,0,unknown,54,no
42,management,secondary,2416,yes,no,-1,0,unknown,138,no
58,retired,secondary,35,no,no,-1,0,unknown,336,no
68,retired,secondary,19317,yes,no,-1,0,unknown,249,yes
43,technician,secondary,50,no,no,-1,0,unknown,63,no
44,blue-collar,secondary,-674,yes,no,-1,0,unknown,257,no
49,technician,tertiary,3726,no,no,-1,0,unknown,875,yes
57,retired,tertiary,1180,yes,yes,-1,0,unknown,191,no
61,self-employed,tertiary,6610,no,no,-1,0,unknown,481,yes
36,admin.,secondary,319,yes,no,-1,0,unknown,120,no
31,blue-collar,secondary,1545,yes,yes,-1,0,unknown,207,no
51,technician,tertiary,1315,no,no,-1,0,unknown,303,no
31,technician,tertiary,424,no,no,-1,0,unknown,93,no
56,blue-collar,primary,151,no,no,-1,0,unknown,128,no
30,technician,tertiary,-970,no,yes,-1,0,unknown,194,no
38,services,secondary,-762,yes,yes,-1,0,unknown,408,no
35,services,secondary,181,yes,no,-1,0,unknown,5,no
31,blue-collar,unknown,-120,yes,no,-1,0,unknown,231,no
39,admin.,secondary,1022,yes,no,-1,0,unknown,20,no
50,management,tertiary,78,yes,no,161,9,other,218,no
39,technician,tertiary,209,no,no,-1,0,unknown,36,no
26,admin.,secondary,2469,no,no,-1,0,unknown,136,no
55,technician,secondary,0,no,no,-1,0,unknown,336,no
43,blue-collar,primary,328,no,yes,-1,0,unknown,192,no
34,housemaid,tertiary,0,no,no,188,1,failure,141,no
51,self-employed,primary,307,yes,yes,-1,0,unknown,65,no
31,management,tertiary,1384,yes,no,2,3,other,203,no
32,management,tertiary,0,no,no,-1,0,unknown,104,no
53,technician,secondary,719,yes,no,-1,0,unknown,230,no
44,management,tertiary,0,no,no,-1,0,unknown,71,no
38,entrepreneur,tertiary,6704,yes,no,-1,0,unknown,205,no
47,self-employed,tertiary,4543,yes,no,-1,0,unknown,162,no
36,management,tertiary,0,yes,no,-1,0,unknown,145,no
30,management,tertiary,149,yes,no,-1,0,unknown,220,no
46,blue-collar,secondary,-1400,yes,no,355,4,failure,309,no
33,entrepreneur,secondary,-118,yes,yes,-1,0,unknown,421,no
43,blue-collar,secondary,2160,no,no,98,1,success,261,yes
38,management,tertiary,3452,no,no,-1,0,unknown,132,no
27,technician,secondary,842,no,no,91,1,other,273,no
38,management,unknown,3576,no,no,183,1,success,349,yes
41,unemployed,tertiary,1666,no,no,-1,0,unknown,291,no
29,technician,secondary,0,yes,no,-1,0,unknown,83,no
39,services,secondary,0,yes,no,-1,0,unknown,793,no
42,blue-collar,primary,1628,yes,no,195,8,success,119,no
47,services,secondary,51,yes,yes,-1,0,unknown,312,no
30,blue-collar,secondary,447,no,no,-1,0,unknown,103,no
34,admin.,secondary,396,yes,no,-1,0,unknown,101,no
45,housemaid,primary,4994,no,no,-1,0,unknown,48,no
43,admin.,secondary,3215,yes,no,-1,0,unknown,228,no
59,blue-collar,primary,2814,no,no,-1,0,unknown,81,no
50,technician,secondary,0,no,no,-1,0,unknown,152,no
39,blue-collar,secondary,293,yes,no,-1,0,unknown,160,no
36,technician,secondary,474,yes,no,-1,0,unknown,59,no
44,blue-collar,secondary,16178,yes,no,-1,0,unknown,297,no
36,technician,tertiary,0,no,no,-1,0,unknown,147,no
27,management,tertiary,88,no,no,-1,0,unknown,143,no
29,services,secondary,308,yes,no,-1,0,unknown,75,no
70,retired,secondary,1164,no,no,185,2,failure,338,no
44,management,tertiary,13893,no,no,-1,0,unknown,29,no
55,management,tertiary,0,yes,no,-1,0,unknown,159,no
36,technician,secondary,-435,yes,no,-1,0,unknown,85,no
28,technician,secondary,389,yes,no,-1,0,unknown,15,no
50,management,tertiary,356,no,no,358,5,other,198,no
49,technician,secondary,2718,no,no,-1,0,unknown,114,no
71,retired,tertiary,261,no,no,-1,0,unknown,1117,no
31,admin.,secondary,757,no,no,-1,0,unknown,343,no
45,management,tertiary,16,no,no,-1,0,unknown,59,no
42,blue-collar,secondary,-422,no,no,-1,0,unknown,31,no
45,admin.,secondary,248,no,no,-1,0,unknown,212,no
47,technician,primary,145,yes,no,-1,0,unknown,157,no
60,retired,secondary,598,no,yes,-1,0,unknown,96,no
35,management,tertiary,949,yes,no,-1,0,unknown,245,no
31,technician,tertiary,614,no,no,-1,0,unknown,72,no
33,blue-collar,primary,1209,yes,no,-1,0,unknown,700,no
50,self-employed,tertiary,202,yes,no,148,4,failure,107,no
51,blue-collar,secondary,1840,yes,no,-1,0,unknown,312,no
34,technician,secondary,114,yes,yes,309,3,other,153,no
56,services,secondary,-229,no,yes,-1,0,unknown,55,no
29,services,secondary,182,yes,no,-1,0,unknown,38,no
31,blue-collar,secondary,401,no,no,-1,0,unknown,96,no
44,technician,unknown,759,yes,no,-1,0,unknown,397,no
55,retired,secondary,4194,no,yes,-1,0,unknown,208,no
35,student,unknown,0,no,no,-1,0,unknown,122,no
36,technician,tertiary,629,yes,yes,246,1,failure,109,no
54,retired,secondary,153,yes,yes,-1,0,unknown,74,no
32,management,tertiary,553,yes,no,-1,0,unknown,72,no
36,management,tertiary,1057,no,no,-1,0,unknown,383,no
60,retired,secondary,78,yes,no,-1,0,unknown,113,no
32,technician,secondary,-28,no,yes,-1,0,unknown,400,no
57,management,tertiary,929,no,no,-1,0,unknown,387,no
34,blue-collar,primary,428,yes,no,-1,0,unknown,59,no
27,student,secondary,268,yes,no,358,2,failure,528,no
52,management,tertiary,83,no,no,-1,0,unknown,1223,yes
45,admin.,unknown,998,yes,no,-1,0,unknown,38,no
58,admin.,secondary,2223,no,no,114,1,success,1139,no
39,blue-collar,primary,6,yes,no,-1,0,unknown,286,no
48,blue-collar,secondary,312,yes,yes,-1,0,unknown,369,no
36,management,secondary,0,no,no,-1,0,unknown,333,no
31,technician,secondary,691,yes,no,-1,0,unknown,198,no
41,management,tertiary,771,yes,no,-1,0,unknown,106,no
30,self-employed,secondary,192,no,no,-1,0,unknown,423,no
57,retired,tertiary,0,no,no,-1,0,unknown,116,no
29,admin.,secondary,1070,yes,no,357,1,other,30,yes
29,services,secondary,84,yes,no,-1,0,unknown,1101,yes
30,management,tertiary,2,no,no,85,1,failure,102,no
44,management,tertiary,1242,yes,no,-1,0,unknown,384,no
33,student,unknown,5969,no,no,127,8,failure,156,no
56,admin.,secondary,3337,yes,no,-1,0,unknown,99,no
26,services,secondary,1347,no,no,92,5,other,280,yes
52,technician,secondary,64,no,no,-1,0,unknown,20,no
32,management,secondary,249,yes,no,-1,0,unknown,258,no
36,technician,secondary,0,no,no,-1,0,unknown,85,no
26,blue-collar,secondary,128,no,no,-1,0,unknown,355,no
37,blue-collar,secondary,196,yes,no,-1,0,unknown,66,no
34,technician,secondary,351,yes,no,-1,0,unknown,467,no
26,services,secondary,5533,yes,no,283,4,failure,582,no
32,services,secondary,38,yes,no,-1,0,unknown,744,yes
30,management,tertiary,35,no,no,-1,0,unknown,185,no
27,technician,secondary,235,yes,no,-1,0,unknown,13,no
42,admin.,secondary,30,yes,no,266,3,failure,98,no
33,blue-collar,primary,92,yes,no,-1,0,unknown,127,no
37,blue-collar,secondary,67,no,no,-1,0,unknown,45,no
45,blue-collar,secondary,4022,yes,no,-1,0,unknown,244,no
36,entrepreneur,tertiary,3057,no,no,-1,0,unknown,2769,yes
39,management,tertiary,0,yes,no,369,3,failure,561,no
33,management,tertiary,349,no,no,-1,0,unknown,182,no
47,services,secondary,2322,no,no,-1,0,unknown,618,no
49,entrepreneur,secondary,167,yes,yes,-1,0,unknown,198,no
46,management,secondary,558,no,no,-1,0,unknown,126,no
31,services,secondary,-230,yes,yes,-1,0,unknown,715,no
43,unemployed,secondary,4094,yes,no,-1,0,unknown,63,no
30,blue-collar,secondary,239,yes,no,-1,0,unknown,412,yes
43,management,tertiary,497,no,no,363,22,failure,66,no
42,blue-collar,secondary,179,yes,no,-1,0,unknown,96,no
30,admin.,tertiary,305,no,no,85,2,success,633,yes
33,management,tertiary,-67,yes,no,-1,0,unknown,364,no
41,admin.,secondary,4539,no,no,-1,0,unknown,298,no
29,blue-collar,secondary,770,yes,no,-1,0,unknown,341,no
38,unemployed,secondary,-673,yes,no,-1,0,unknown,364,no
29,technician,tertiary,858,yes,no,330,1,failure,234,no
80,housemaid,primary,0,no,no,189,1,failure,639,yes
38,management,tertiary,5244,no,no,-1,0,unknown,310,no
36,blue-collar,primary,117,yes,no,-1,0,unknown,123,no
38,self-employed,tertiary,846,no,no,-1,0,unknown,253,no
44,management,secondary,0,yes,no,-1,0,unknown,96,no
31,management,tertiary,1331,no,no,86,3,success,297,yes
31,services,secondary,31,yes,yes,-1,0,unknown,501,no
57,admin.,primary,179,yes,no,368,2,failure,67,no
37,blue-collar,primary,543,yes,no,-1,0,unknown,281,no
50,blue-collar,secondary,253,yes,yes,-1,0,unknown,475,no
60,retired,primary,71188,no,no,-1,0,unknown,205,no
51,management,tertiary,5108,yes,no,102,8,other,272,no
48,blue-collar,secondary,1738,yes,no,-1,0,unknown,349,no
42,blue-collar,primary,-97,yes,no,271,5,failure,216,no
36,blue-collar,secondary,199,yes,no,-1,0,unknown,183,no
43,management,tertiary,489,yes,no,172,2,other,130,no
31,admin.,primary,355,yes,yes,-1,0,unknown,61,no
49,technician,secondary,-97,yes,no,-1,0,unknown,92,no
35,management,tertiary,473,no,yes,-1,0,unknown,37,no
44,entrepreneur,secondary,6649,yes,no,-1,0,unknown,354,no
34,self-employed,tertiary,263,no,no,78,8,other,203,no
46,blue-collar,secondary,781,no,no,-1,0,unknown,152,no
49,blue-collar,primary,1032,yes,no,-1,0,unknown,41,no
32,blue-collar,secondary,119,no,no,-1,0,unknown,20,no
35,management,tertiary,434,yes,no,271,2,success,277,no
51,admin.,secondary,2967,no,no,-1,0,unknown,83,no
57,retired,secondary,-331,yes,no,-1,0,unknown,531,no
59,management,tertiary,1585,no,no,-1,0,unknown,91,no
40,services,unknown,4384,yes,no,-1,0,unknown,315,no
49,management,tertiary,588,no,no,-1,0,unknown,70,no
51,management,secondary,3180,yes,no,-1,0,unknown,384,no
35,admin.,secondary,0,no,yes,-1,0,unknown,105,no
29,self-employed,secondary,-76,yes,no,-1,0,unknown,305,no
32,services,secondary,152,yes,no,-1,0,unknown,158,yes
37,housemaid,secondary,1040,yes,no,173,2,failure,199,no
49,unemployed,primary,-384,yes,no,-1,0,unknown,25,no
45,technician,unknown,473,yes,no,-1,0,unknown,147,no
34,technician,secondary,475,yes,no,-1,0,unknown,538,no
53,technician,secondary,0,no,no,-1,0,unknown,77,no
42,entrepreneur,primary,149,no,no,-1,0,unknown,94,no
43,technician,secondary,3285,yes,no,-1,0,unknown,1721,yes
52,retired,secondary,424,no,no,154,3,failure,143,no
34,blue-collar,secondary,79,no,yes,-1,0,unknown,104,no
34,technician,tertiary,674,yes,no,-1,0,unknown,587,yes
27,services,secondary,0,yes,no,-1,0,unknown,1608,yes
43,unemployed,tertiary,58,yes,no,-1,0,unknown,48,no
41,technician,tertiary,532,yes,no,-1,0,unknown,74,no
72,retired,secondary,4130,no,no,-1,0,unknown,427,no
35,blue-collar,primary,422,yes,no,-1,0,unknown,73,no
41,management,tertiary,437,yes,no,-1,0,unknown,14,no
36,blue-collar,primary,-308,yes,no,-1,0,unknown,725,yes
51,housemaid,primary,30,yes,no,-1,0,unknown,333,no
37,self-employed,tertiary,137,no,no,-1,0,unknown,244,no
42,admin.,secondary,-247,yes,yes,166,1,other,519,yes
26,admin.,secondary,321,yes,no,-1,0,unknown,242,no
23,services,secondary,250,yes,no,-1,0,unknown,222,no
50,management,tertiary,-470,yes,no,160,1,failure,130,no
37,blue-collar,secondary,140,yes,yes,-1,0,unknown,490,no
35,management,tertiary,2793,no,no,-1,0,unknown,258,no
37,management,tertiary,410,no,no,-1,0,unknown,337,no
79,retired,unknown,2628,no,no,450,2,failure,220,no
39,technician,secondary,116,no,no,94,2,success,79,no
47,services,secondary,0,yes,no,-1,0,unknown,250,no
44,blue-collar,secondary,878,yes,no,-1,0,unknown,130,no
36,management,tertiary,2944,no,no,-1,0,unknown,882,yes
33,blue-collar,secondary,3975,yes,yes,150,1,other,515,no
42,services,secondary,96,yes,no,340,2,failure,238,no
35,technician,tertiary,2288,no,no,-1,0,unknown,32,no
31,blue-collar,secondary,472,yes,no,-1,0,unknown,907,no
58,services,primary,65,no,no,-1,0,unknown,162,no
46,management,tertiary,0,no,no,-1,0,unknown,70,no
41,admin.,secondary,400,yes,no,-1,0,unknown,99,no
58,technician,secondary,7495,yes,no,-1,0,unknown,325,no
33,blue-collar,secondary,137,no,yes,-1,0,unknown,305,no
31,unemployed,secondary,24,yes,no,-1,0,unknown,631,no
55,technician,secondary,3450,no,no,183,1,failure,169,yes
38,technician,secondary,311,yes,no,-1,0,unknown,61,no
55,housemaid,secondary,139,no,no,-1,0,unknown,256,no
47,management,tertiary,0,no,no,-1,0,unknown,58,no
51,housemaid,primary,492,yes,no,-1,0,unknown,142,no
46,management,tertiary,334,yes,no,90,2,other,36,no
61,management,tertiary,997,no,no,-1,0,unknown,106,yes
47,management,tertiary,440,no,no,-1,0,unknown,71,no
34,technician,secondary,47,no,no,-1,0,unknown,132,no
34,blue-collar,secondary,1298,yes,no,-1,0,unknown,120,no
41,management,tertiary,3355,no,no,500,1,failure,181,no
36,blue-collar,secondary,-11,no,no,-1,0,unknown,152,no
26,blue-collar,secondary,396,yes,no,-1,0,unknown,302,no
35,management,tertiary,8,no,no,-1,0,unknown,93,yes
36,blue-collar,secondary,1409,no,no,-1,0,unknown,235,no
26,management,tertiary,170,no,no,-1,0,unknown,129,yes
58,management,primary,2769,yes,no,-1,0,unknown,94,no
50,blue-collar,secondary,2320,yes,no,-1,0,unknown,310,no
61,retired,secondary,76,yes,no,-1,0,unknown,195,no
28,technician,secondary,2034,yes,no,-1,0,unknown,196,no
49,blue-collar,primary,3018,yes,no,-1,0,unknown,93,no
74,retired,secondary,921,no,no,-1,0,unknown,394,yes
53,blue-collar,secondary,483,yes,no,-1,0,unknown,288,no
46,self-employed,secondary,390,yes,no,-1,0,unknown,208,no
47,management,tertiary,0,no,no,-1,0,unknown,508,yes
42,blue-collar,primary,92,no,no,-1,0,unknown,86,no
56,services,secondary,22196,yes,no,-1,0,unknown,189,no
42,technician,secondary,2,no,no,-1,0,unknown,249,no
49,housemaid,primary,249,yes,no,-1,0,unknown,450,no
43,unemployed,unknown,3274,yes,no,95,1,failure,680,no
39,services,secondary,5731,yes,no,-1,0,unknown,175,no
66,retired,primary,206,no,no,-1,0,unknown,479,yes
30,technician,tertiary,2325,no,no,241,4,other,270,no
38,management,tertiary,0,no,no,-1,0,unknown,164,no
31,blue-collar,secondary,1664,yes,no,182,1,success,158,no
32,technician,secondary,3333,no,no,-1,0,unknown,50,no
48,technician,secondary,7020,no,no,-1,0,unknown,80,no
34,admin.,tertiary,37,no,no,-1,0,unknown,45,no
28,student,secondary,28,no,no,-1,0,unknown,220,no
40,admin.,secondary,1670,yes,no,-1,0,unknown,161,no
36,entrepreneur,secondary,134,no,no,-1,0,unknown,98,no
52,retired,secondary,603,no,yes,-1,0,unknown,79,no
46,admin.,primary,276,yes,yes,-1,0,unknown,157,no
25,technician,secondary,2157,yes,no,-1,0,unknown,339,no
52,blue-collar,secondary,161,yes,no,-1,0,unknown,274,no
40,blue-collar,primary,3658,yes,no,-1,0,unknown,977,no
26,management,tertiary,-402,no,yes,-1,0,unknown,127,no
26,blue-collar,primary,3342,yes,no,-1,0,unknown,329,no
35,self-employed,secondary,1732,no,no,-1,0,unknown,1441,no
40,admin.,secondary,263,yes,no,-1,0,unknown,231,no
31,management,tertiary,623,yes,no,349,5,failure,96,no
32,admin.,secondary,3540,yes,no,178,1,failure,213,no
33,admin.,secondary,95,yes,no,-1,0,unknown,335,yes
53,services,secondary,765,yes,no,174,7,other,959,yes
46,technician,secondary,-824,yes,no,-1,0,unknown,429,yes
28,management,tertiary,5549,no,no,-1,0,unknown,383,no
31,blue-collar,secondary,191,yes,no,-1,0,unknown,40,no
44,blue-collar,primary,420,yes,no,-1,0,unknown,110,no
35,admin.,secondary,0,no,no,-1,0,unknown,326,no
50,technician,unknown,2706,yes,no,-1,0,unknown,179,no
32,technician,secondary,4,yes,yes,-1,0,unknown,132,no
51,admin.,secondary,423,yes,yes,-1,0,unknown,95,no
51,management,tertiary,-892,yes,yes,-1,0,unknown,248,no
31,blue-collar,unknown,-120,yes,no,201,2,failure,100,no
41,admin.,secondary,-365,yes,no,-1,0,unknown,226,no
57,technician,tertiary,27069,no,yes,-1,0,unknown,174,no
34,management,tertiary,8038,yes,no,152,1,failure,29,no
47,technician,secondary,-938,yes,no,-1,0,unknown,176,no
47,admin.,secondary,1139,yes,no,-1,0,unknown,106,no
36,self-employed,secondary,189,yes,no,120,1,failure,136,no
29,housemaid,tertiary,19,no,no,64,2,success,110,yes
39,technician,secondary,3663,no,no,-1,0,unknown,230,no
53,blue-collar,unknown,0,no,no,-1,0,unknown,140,no
47,blue-collar,secondary,-614,yes,no,-1,0,unknown,118,no
51,technician,secondary,2323,yes,yes,-1,0,unknown,151,no
48,blue-collar,secondary,425,yes,no,-1,0,unknown,693,no
32,technician,secondary,5122,no,no,-1,0,unknown,31,no
36,management,tertiary,608,no,no,-1,0,unknown,125,no
50,unknown,primary,341,yes,yes,340,2,success,670,yes
39,admin.,secondary,607,yes,no,364,3,failure,454,yes
31,blue-collar,secondary,1495,yes,yes,-1,0,unknown,159,no
49,admin.,secondary,381,no,no,-1,0,unknown,504,no
33,unemployed,secondary,385,no,no,-1,0,unknown,29,no
26,management,tertiary,1274,yes,no,84,1,failure,190,no
27,blue-collar,secondary,362,yes,no,-1,0,unknown,332,no
51,blue-collar,primary,377,yes,no,272,1,failure,143,no
26,admin.,secondary,802,no,no,2,2,other,77,no
45,admin.,secondary,194,no,no,-1,0,unknown,517,no
54,technician,secondary,-315,no,yes,-1,0,unknown,2029,yes
49,technician,tertiary,1843,yes,no,-1,0,unknown,269,no
47,technician,secondary,-9,no,no,-1,0,unknown,457,no
42,housemaid,primary,83,no,yes,-1,0,unknown,184,no
50,entrepreneur,tertiary,433,yes,no,-1,0,unknown,47,no
37,admin.,secondary,-107,yes,no,-1,0,unknown,158,no
54,blue-collar,primary,4503,no,no,-1,0,unknown,168,no
40,services,secondary,51,yes,no,-1,0,unknown,50,no
50,services,secondary,961,no,yes,-1,0,unknown,757,no
57,retired,secondary,49,yes,yes,-1,0,unknown,93,no
33,technician,secondary,3470,no,no,-1,0,unknown,285,no
49,technician,secondary,-147,yes,no,-1,0,unknown,390,no
35,services,secondary,0,yes,no,-1,0,unknown,146,no
28,blue-collar,secondary,0,yes,no,-1,0,unknown,386,no
58,management,tertiary,172,no,no,-1,0,unknown,145,no
31,admin.,secondary,-407,no,yes,-1,0,unknown,230,no
36,management,tertiary,649,no,no,91,1,failure,237,no
49,blue-collar,primary,1040,no,no,-1,0,unknown,474,no
30,unemployed,secondary,142,yes,no,-1,0,unknown,350,no
29,services,secondary,209,yes,no,-1,0,unknown,487,no
50,management,unknown,3304,no,no,-1,0,unknown,1009,no
26,student,tertiary,294,no,no,91,2,success,87,yes
27,housemaid,secondary,4848,yes,yes,-1,0,unknown,82,no
32,blue-collar,secondary,1670,yes,no,-1,0,unknown,183,no
62,unknown,secondary,367,no,no,-1,0,unknown,139,no
34,blue-collar,secondary,13683,yes,no,-1,0,unknown,115,no
25,admin.,tertiary,1420,no,no,-1,0,unknown,124,no
34,management,tertiary,340,yes,no,-1,0,unknown,633,no
44,technician,secondary,1679,no,no,-1,0,unknown,718,yes
38,management,tertiary,1198,yes,no,-1,0,unknown,63,no
57,admin.,secondary,169,no,no,106,2,failure,180,no
36,self-employed,tertiary,506,no,no,120,1,failure,47,no
41,entrepreneur,secondary,1249,yes,no,-1,0,unknown,391,no
36,management,tertiary,678,no,yes,-1,0,unknown,85,no
27,management,tertiary,212,yes,no,-1,0,unknown,373,no
37,technician,secondary,23,no,no,-1,0,unknown,289,no
47,management,tertiary,4402,no,no,190,1,other,805,yes
31,services,primary,459,yes,no,293,1,success,623,yes
39,self-employed,secondary,4722,yes,no,-1,0,unknown,483,no
35,admin.,tertiary,1555,yes,no,-1,0,unknown,26,no
40,blue-collar,secondary,61,yes,no,-1,0,unknown,112,no
38,management,tertiary,0,yes,no,-1,0,unknown,213,no
31,technician,secondary,3706,yes,no,-1,0,unknown,129,no
36,blue-collar,primary,1177,no,no,311,4,success,330,yes
53,management,primary,2096,no,no,-1,0,unknown,104,no
59,blue-collar,primary,748,no,no,-1,0,unknown,184,no
29,management,tertiary,3357,no,no,-1,0,unknown,120,no
30,admin.,secondary,3809,yes,no,-1,0,unknown,159,no
52,admin.,secondary,395,yes,no,-1,0,unknown,391,no
55,blue-collar,secondary,1011,yes,no,-1,0,unknown,112,no
56,blue-collar,primary,420,yes,no,-1,0,unknown,76,no
32,admin.,secondary,76,yes,no,-1,0,unknown,189,no
24,blue-collar,secondary,0,no,no,-1,0,unknown,94,no
51,blue-collar,primary,844,yes,no,-1,0,unknown,184,no
36,management,tertiary,1318,yes,no,-1,0,unknown,100,no
36,technician,tertiary,167,yes,no,-1,0,unknown,57,no
42,management,tertiary,2187,yes,no,-1,0,unknown,525,yes
49,admin.,secondary,14440,yes,no,-1,0,unknown,60,no
48,management,secondary,2294,yes,no,-1,0,unknown,251,no
36,management,secondary,80,yes,no,-1,0,unknown,251,no
48,management,primary,2537,no,no,-1,0,unknown,219,no
30,technician,tertiary,569,no,no,-1,0,unknown,976,yes
27,management,tertiary,0,no,yes,-1,0,unknown,46,no
38,entrepreneur,tertiary,0,yes,no,-1,0,unknown,185,no
36,technician,secondary,12,no,no,-1,0,unknown,587,yes
45,technician,secondary,49,no,no,-1,0,unknown,65,no
44,housemaid,tertiary,460,no,no,-1,0,unknown,491,no
42,technician,secondary,613,yes,no,-1,0,unknown,432,no
37,entrepreneur,tertiary,7944,no,no,-1,0,unknown,102,no
48,blue-collar,secondary,1143,yes,no,317,1,failure,264,no
57,retired,primary,-464,yes,no,190,6,failure,75,no
44,services,secondary,1989,yes,yes,-1,0,unknown,106,no
48,technician,secondary,17,yes,yes,-1,0,unknown,81,no
56,retired,primary,-1,no,no,-1,0,unknown,89,no
37,management,tertiary,1698,yes,no,-1,0,unknown,95,no
47,blue-collar,secondary,5306,yes,no,-1,0,unknown,322,no
54,housemaid,unknown,0,no,no,145,3,other,94,no
51,retired,secondary,1679,no,no,365,9,other,417,yes
47,admin.,secondary,3676,no,no,95,3,success,567,yes
25,management,tertiary,-242,yes,yes,332,4,other,600,yes
39,services,secondary,471,no,no,-1,0,unknown,5,no
40,management,tertiary,8902,yes,no,-1,0,unknown,464,no
38,management,tertiary,1704,no,no,-1,0,unknown,222,no
34,management,tertiary,3050,yes,no,-1,0,unknown,469,yes
53,housemaid,primary,2581,no,no,-1,0,unknown,99,no
32,services,secondary,162,yes,no,-1,0,unknown,297,no
35,blue-collar,secondary,243,yes,no,-1,0,unknown,41,no
24,student,secondary,1847,no,no,-1,0,unknown,390,no
58,blue-collar,primary,0,yes,no,-1,0,unknown,535,no
49,management,primary,3371,no,no,-1,0,unknown,269,yes
45,services,secondary,1757,yes,no,326,1,other,1010,no
55,management,tertiary,171,yes,no,-1,0,unknown,73,no
42,entrepreneur,tertiary,157,yes,yes,-1,0,unknown,650,no
28,admin.,secondary,934,yes,no,-1,0,unknown,53,no
48,blue-collar,secondary,-19,no,yes,-1,0,unknown,270,no
51,management,tertiary,-55,yes,no,-1,0,unknown,119,no
38,housemaid,primary,21,no,no,-1,0,unknown,634,no
27,blue-collar,secondary,14,no,no,-1,0,unknown,72,no
50,technician,secondary,246,yes,no,123,2,failure,270,no
44,blue-collar,primary,887,yes,no,363,1,failure,165,no
40,management,tertiary,51,no,no,-1,0,unknown,164,no
29,services,secondary,-287,yes,no,-1,0,unknown,196,no
34,services,secondary,0,yes,no,-1,0,unknown,78,no
44,self-employed,tertiary,2734,yes,no,-1,0,unknown,897,yes
50,entrepreneur,tertiary,52,no,no,-1,0,unknown,22,no
34,management,tertiary,2594,yes,no,-1,0,unknown,161,no
54,retired,primary,22,no,no,-1,0,unknown,23,no
34,technician,tertiary,1611,yes,no,-1,0,unknown,490,no
34,admin.,tertiary,18,yes,yes,-1,0,unknown,359,yes
52,blue-collar,primary,1331,yes,no,-1,0,unknown,213,no
60,unknown,unknown,7337,no,no,-1,0,unknown,122,no
39,management,secondary,835,yes,no,-1,0,unknown,587,no
58,retired,primary,5092,no,no,-1,0,unknown,199,no
41,technician,secondary,52,no,no,-1,0,unknown,261,no
48,technician,secondary,10655,no,no,-1,0,unknown,5,no
58,management,tertiary,1831,no,no,-1,0,unknown,1531,no
40,self-employed,primary,92,yes,no,-1,0,unknown,92,no
48,management,tertiary,586,yes,yes,-1,0,unknown,179,no
52,blue-collar,primary,1758,yes,no,-1,0,unknown,41,no
50,self-employed,secondary,2061,yes,yes,244,3,failure,197,no
25,technician,secondary,959,no,no,-1,0,unknown,144,no
54,retired,primary,208,no,no,-1,0,unknown,255,no
34,services,secondary,-315,yes,no,-1,0,unknown,56,no
48,management,tertiary,-13,yes,no,291,2,other,20,no
37,admin.,tertiary,801,no,no,-1,0,unknown,331,no
66,retired,tertiary,1948,no,no,91,4,success,216,yes
32,management,tertiary,751,yes,no,-1,0,unknown,64,no
45,blue-collar,secondary,784,yes,yes,-1,0,unknown,34,no
43,blue-collar,secondary,24,no,no,363,1,failure,68,no
41,management,tertiary,72,yes,no,-1,0,unknown,764,no
40,technician,tertiary,1871,yes,no,-1,0,unknown,64,no
44,services,secondary,1378,yes,no,-1,0,unknown,257,no
43,blue-collar,primary,188,yes,no,347,5,failure,58,no
30,unknown,tertiary,6836,no,no,-1,0,unknown,30,no
32,services,secondary,61,yes,no,-1,0,unknown,529,no
57,admin.,secondary,-967,yes,no,-1,0,unknown,8,no
31,blue-collar,tertiary,462,yes,yes,-1,0,unknown,147,no
49,unknown,secondary,0,no,no,-1,0,unknown,173,no
31,admin.,secondary,5527,yes,no,-1,0,unknown,132,no
41,admin.,tertiary,1287,no,no,-1,0,unknown,286,no
44,management,tertiary,17361,no,no,-1,0,unknown,476,no
54,entrepreneur,unknown,1956,no,no,-1,0,unknown,221,no
37,blue-collar,secondary,0,yes,no,-1,0,unknown,146,yes
34,management,secondary,-294,yes,no,-1,0,unknown,532,no
43,technician,secondary,275,no,no,-1,0,unknown,69,no
44,management,tertiary,724,yes,no,172,1,failure,157,no
44,services,secondary,27,no,no,-1,0,unknown,485,no
53,admin.,secondary,26,yes,no,359,1,failure,56,no
36,technician,secondary,191,no,no,-1,0,unknown,69,no
58,technician,secondary,-123,no,no,-1,0,unknown,131,no
26,student,secondary,-147,no,no,-1,0,unknown,95,no
34,technician,secondary,179,no,no,-1,0,unknown,294,no
55,blue-collar,primary,1086,yes,no,272,2,failure,146,no
55,blue-collar,secondary,471,yes,no,-1,0,unknown,58,no
34,entrepreneur,tertiary,105,yes,no,-1,0,unknown,249,no
41,entrepreneur,secondary,1588,yes,yes,-1,0,unknown,10,no
38,housemaid,secondary,70,no,no,148,1,success,255,yes
28,blue-collar,secondary,2700,no,no,-1,0,unknown,337,no
41,technician,secondary,1602,yes,no,-1,0,unknown,142,no
30,admin.,tertiary,0,yes,no,-1,0,unknown,209,no
39,technician,unknown,839,no,no,-1,0,unknown,825,no
41,admin.,secondary,21515,yes,no,-1,0,unknown,87,no
36,technician,secondary,5902,yes,no,-1,0,unknown,219,no
37,management,tertiary,547,yes,yes,-1,0,unknown,143,no
59,self-employed,tertiary,3800,no,yes,-1,0,unknown,70,no
26,technician,secondary,261,yes,no,-1,0,unknown,371,no
43,technician,secondary,0,yes,yes,204,5,failure,539,no
42,management,secondary,-34,no,no,-1,0,unknown,176,no
46,blue-collar,unknown,9328,yes,no,-1,0,unknown,725,yes
31,admin.,secondary,5,yes,yes,-1,0,unknown,101,no
43,unemployed,secondary,3529,no,no,-1,0,unknown,169,no
48,blue-collar,tertiary,2330,yes,no,-1,0,unknown,15,no
41,blue-collar,secondary,1334,yes,no,-1,0,unknown,234,no
32,self-employed,tertiary,3601,no,no,-1,0,unknown,171,no
45,technician,tertiary,265,no,no,-1,0,unknown,14,no
52,admin.,unknown,2227,no,no,-1,0,unknown,242,yes
37,self-employed,secondary,487,no,yes,-1,0,unknown,155,no
38,blue-collar,secondary,0,yes,no,173,1,failure,580,no
36,services,secondary,174,yes,no,-1,0,unknown,223,no
58,retired,secondary,14412,no,no,-1,0,unknown,297,no
37,management,tertiary,3288,no,no,-1,0,unknown,124,no
30,technician,secondary,57,no,no,-1,0,unknown,465,no
47,technician,secondary,2246,yes,no,-1,0,unknown,330,no
40,technician,secondary,4441,yes,no,183,2,failure,153,no
42,management,tertiary,0,no,no,-1,0,unknown,131,no
71,unknown,tertiary,353,no,no,93,2,failure,208,no
54,blue-collar,secondary,448,yes,yes,-1,0,unknown,98,no
53,entrepreneur,primary,27,yes,no,-1,0,unknown,230,yes
33,blue-collar,secondary,474,no,no,-1,0,unknown,400,no
30,technician,tertiary,1185,yes,no,339,1,failure,284,no
39,services,secondary,282,yes,no,-1,0,unknown,243,no
32,blue-collar,secondary,2,yes,no,309,1,failure,16,no
34,technician,secondary,60,no,no,-1,0,unknown,274,no
39,self-employed,tertiary,3972,no,no,-1,0,unknown,122,no
75,retired,secondary,26452,no,no,-1,0,unknown,219,no
33,admin.,secondary,818,yes,yes,-1,0,unknown,301,no
40,services,secondary,9374,yes,no,185,1,failure,7,no
37,technician,unknown,47,no,no,-1,0,unknown,374,no
69,retired,primary,279,no,no,-1,0,unknown,26,no
52,unemployed,primary,20,yes,no,-1,0,unknown,172,no
31,admin.,secondary,360,no,no,297,2,other,332,no
28,technician,secondary,1532,no,no,107,5,failure,253,no
29,management,tertiary,1673,no,no,159,3,other,200,no
46,services,secondary,2420,no,no,-1,0,unknown,405,no
28,blue-collar,secondary,100,yes,yes,-1,0,unknown,132,no
41,admin.,secondary,0,no,no,-1,0,unknown,89,no
42,technician,secondary,1533,no,yes,-1,0,unknown,86,no
34,admin.,secondary,296,no,no,-1,0,unknown,147,no
28,blue-collar,secondary,2788,yes,no,-1,0,unknown,369,yes
43,management,secondary,109,yes,no,-1,0,unknown,64,no
32,technician,secondary,485,no,no,-1,0,unknown,98,no
33,technician,tertiary,125,no,no,-1,0,unknown,66,no
70,retired,secondary,616,no,no,182,1,failure,149,no
36,services,secondary,3064,yes,no,107,4,failure,240,no
53,technician,secondary,206,no,no,-1,0,unknown,87,no
30,blue-collar,secondary,6900,no,no,-1,0,unknown,816,no
45,services,secondary,-179,no,no,-1,0,unknown,155,no
31,services,secondary,481,yes,no,183,2,failure,106,no
28,admin.,secondary,12,yes,no,256,3,other,73,no
45,blue-collar,primary,0,no,no,-1,0,unknown,574,no
51,management,tertiary,176,yes,yes,687,2,failure,8,no
53,management,primary,4086,no,no,-1,0,unknown,14,no
40,technician,secondary,257,yes,no,-1,0,unknown,731,no
53,blue-collar,primary,53,yes,no,140,1,failure,208,no
31,blue-collar,secondary,6,yes,no,-1,0,unknown,821,no
30,management,tertiary,562,no,no,-1,0,unknown,137,no
53,entrepreneur,secondary,-118,yes,no,-1,0,unknown,101,no
40,blue-collar,primary,2805,yes,no,353,23,failure,173,no
26,management,secondary,565,yes,no,-1,0,unknown,582,no
47,blue-collar,secondary,0,yes,no,-1,0,unknown,676,no
51,management,tertiary,1612,no,no,182,5,failure,384,no
45,unemployed,primary,180,yes,yes,-1,0,unknown,62,no
35,management,tertiary,0,yes,no,-1,0,unknown,295,no
36,management,tertiary,876,yes,no,-1,0,unknown,241,no
57,admin.,secondary,2137,no,no,-1,0,unknown,132,no
42,blue-collar,primary,260,yes,no,-1,0,unknown,175,no
32,blue-collar,secondary,-53,yes,no,272,1,other,648,yes
30,management,tertiary,944,no,no,-1,0,unknown,251,yes
36,technician,secondary,2394,no,no,-1,0,unknown,184,no
43,technician,secondary,297,yes,no,-1,0,unknown,119,no
69,retired,tertiary,2144,no,no,184,4,success,417,yes
31,technician,tertiary,969,no,no,-1,0,unknown,95,no
35,technician,secondary,0,no,no,-1,0,unknown,125,no
26,entrepreneur,tertiary,37,yes,yes,363,2,failure,207,no
46,technician,secondary,410,no,yes,-1,0,unknown,162,no
30,technician,secondary,1211,yes,no,-1,0,unknown,176,no
33,management,tertiary,71,no,no,-1,0,unknown,107,no
34,management,tertiary,436,yes,no,345,1,failure,28,no
48,blue-collar,primary,559,yes,no,-1,0,unknown,1231,no
31,management,tertiary,1170,no,no,-1,0,unknown,200,no
46,management,tertiary,25,no,no,-1,0,unknown,103,no
40,services,secondary,1325,no,no,-1,0,unknown,150,no
39,entrepreneur,secondary,0,no,no,-1,0,unknown,108,no
33,technician,secondary,647,yes,yes,273,1,other,124,no
50,blue-collar,primary,2142,yes,no,224,1,other,309,no
84,retired,primary,639,no,no,-1,0,unknown,353,yes
40,blue-collar,primary,177,yes,yes,-1,0,unknown,742,no
55,management,tertiary,236,no,no,-1,0,unknown,200,no
40,services,secondary,1959,yes,no,-1,0,unknown,177,no
46,admin.,primary,96,no,no,-1,0,unknown,151,no
43,self-employed,tertiary,0,no,no,-1,0,unknown,147,no
34,blue-collar,secondary,250,yes,no,-1,0,unknown,193,no
35,technician,secondary,126,no,no,-1,0,unknown,112,no
57,retired,unknown,1621,yes,no,-1,0,unknown,108,no
25,student,secondary,8,no,no,-1,0,unknown,107,yes
32,self-employed,tertiary,189,yes,no,-1,0,unknown,106,no
52,retired,secondary,316,no,no,-1,0,unknown,463,no
31,self-employed,tertiary,-282,yes,no,-1,0,unknown,131,no
34,management,tertiary,-308,yes,no,-1,0,unknown,140,no
42,technician,secondary,248,no,no,-1,0,unknown,163,no
47,blue-collar,primary,126,yes,no,-1,0,unknown,2456,yes
50,self-employed,tertiary,13,yes,no,-1,0,unknown,76,yes
30,technician,secondary,-393,yes,yes,-1,0,unknown,435,yes
33,services,secondary,358,yes,no,356,3,failure,302,no
56,technician,tertiary,917,no,no,-1,0,unknown,306,no
34,admin.,secondary,1268,yes,no,-1,0,unknown,259,no
33,technician,secondary,-163,yes,yes,-1,0,unknown,502,no
32,management,tertiary,473,yes,no,361,1,other,72,no
34,management,tertiary,4831,yes,no,-1,0,unknown,265,no
37,technician,secondary,1063,yes,no,-1,0,unknown,413,no
30,management,secondary,0,yes,no,-1,0,unknown,756,no
29,blue-collar,secondary,424,yes,yes,-1,0,unknown,241,no
56,unemployed,primary,802,no,no,-1,0,unknown,258,no
31,management,tertiary,430,yes,no,-1,0,unknown,137,no
59,unknown,unknown,3940,no,no,-1,0,unknown,48,no
36,housemaid,secondary,2880,no,no,-1,0,unknown,283,no
51,blue-collar,secondary,1069,yes,no,-1,0,unknown,247,no
54,self-employed,primary,4382,yes,no,-1,0,unknown,193,no
37,management,tertiary,0,no,no,107,2,failure,129,no
32,technician,tertiary,3939,no,no,-1,0,unknown,209,no
42,self-employed,tertiary,753,no,no,-1,0,unknown,31,no
29,blue-collar,secondary,358,no,no,-1,0,unknown,88,no
52,blue-collar,primary,1141,yes,no,-1,0,unknown,22,no
40,technician,secondary,1259,no,no,-1,0,unknown,234,no
30,services,secondary,227,no,yes,-1,0,unknown,23,no
55,entrepreneur,secondary,538,yes,no,-1,0,unknown,353,yes
49,management,tertiary,92,yes,no,-1,0,unknown,221,no
33,technician,tertiary,8023,no,no,87,4,failure,196,no
32,services,secondary,2478,no,yes,-1,0,unknown,395,no
21,student,secondary,6844,no,no,127,7,other,126,no
42,technician,secondary,440,yes,no,-1,0,unknown,13,no
56,self-employed,secondary,800,no,yes,-1,0,unknown,170,no
39,unknown,secondary,914,no,no,-1,0,unknown,20,no
30,entrepreneur,secondary,638,no,no,-1,0,unknown,358,no
55,retired,secondary,159,no,no,-1,0,unknown,159,no
43,blue-collar,primary,483,yes,no,-1,0,unknown,225,no
53,unemployed,secondary,94,no,no,181,14,success,493,yes
57,retired,secondary,1044,no,no,192,2,success,585,yes
39,self-employed,unknown,0,no,no,-1,0,unknown,13,no
56,technician,tertiary,401,yes,no,-1,0,unknown,26,no
29,services,unknown,33,no,no,-1,0,unknown,161,no
38,blue-collar,primary,506,yes,yes,-1,0,unknown,122,no
59,management,tertiary,1881,no,no,-1,0,unknown,456,no
42,technician,unknown,344,yes,no,-1,0,unknown,26,no
46,blue-collar,primary,0,yes,no,-1,0,unknown,51,no
31,admin.,secondary,3,yes,no,-1,0,unknown,37,no
35,services,secondary,221,yes,no,360,1,failure,150,no
50,self-employed,secondary,36,no,no,-1,0,unknown,104,no
42,blue-collar,primary,969,yes,no,-1,0,unknown,721,no
36,services,secondary,760,no,no,-1,0,unknown,9,no
25,admin.,tertiary,220,no,no,-1,0,unknown,68,no
42,management,tertiary,10907,no,no,-1,0,unknown,74,no
27,student,tertiary,-148,yes,no,224,1,other,146,no
32,blue-collar,primary,415,yes,no,-1,0,unknown,777,yes
57,management,tertiary,1341,yes,no,-1,0,unknown,339,no
48,blue-collar,secondary,865,yes,no,-1,0,unknown,78,no
34,blue-collar,secondary,-566,yes,no,-1,0,unknown,248,no
33,services,secondary,210,yes,yes,-1,0,unknown,201,no
26,technician,secondary,1275,yes,no,-1,0,unknown,18,no
50,blue-collar,secondary,579,no,no,-1,0,unknown,83,no
60,technician,tertiary,2934,no,no,-1,0,unknown,233,no
47,management,tertiary,6637,yes,no,-1,0,unknown,174,no
31,management,tertiary,271,no,no,-1,0,unknown,89,no
52,technician,tertiary,0,no,no,94,4,success,145,no
36,services,secondary,472,yes,no,-1,0,unknown,1017,no
43,blue-collar,primary,487,yes,no,-1,0,unknown,548,no
30,technician,tertiary,699,yes,no,-1,0,unknown,213,no
32,blue-collar,secondary,150,no,no,-1,0,unknown,210,no
31,management,tertiary,1130,yes,no,74,4,failure,224,no
29,management,secondary,584,yes,no,-1,0,unknown,541,no
48,services,secondary,3186,no,yes,-1,0,unknown,104,no
32,services,secondary,133,no,no,-1,0,unknown,171,yes
30,housemaid,tertiary,868,no,no,-1,0,unknown,387,no
48,blue-collar,secondary,480,yes,no,352,2,failure,830,yes
51,blue-collar,unknown,1883,yes,no,-1,0,unknown,57,no
34,management,tertiary,606,no,no,-1,0,unknown,97,yes
35,blue-collar,secondary,603,yes,no,-1,0,unknown,474,no
49,management,primary,548,no,no,-1,0,unknown,115,no
36,unemployed,secondary,-872,yes,yes,183,1,failure,153,no
37,blue-collar,secondary,33,yes,no,167,1,failure,106,no
37,management,tertiary,1689,yes,no,-1,0,unknown,645,no
49,blue-collar,primary,902,no,no,-1,0,unknown,210,no
44,services,secondary,0,yes,yes,-1,0,unknown,97,no
40,student,secondary,260,no,no,152,6,failure,52,no
57,technician,secondary,589,yes,no,76,4,failure,223,no
39,technician,secondary,626,yes,no,-1,0,unknown,126,no
38,services,secondary,0,no,yes,-1,0,unknown,1473,no
51,blue-collar,secondary,78,yes,no,-1,0,unknown,723,no
27,blue-collar,secondary,3792,no,no,-1,0,unknown,279,yes
38,blue-collar,tertiary,14058,no,no,-1,0,unknown,293,no
30,technician,secondary,-522,yes,yes,286,6,failure,670,yes
36,student,unknown,386,no,no,-1,0,unknown,359,no
37,unemployed,secondary,1978,no,no,182,1,success,404,yes
53,admin.,secondary,459,no,no,192,1,success,317,no
38,unemployed,tertiary,2812,yes,no,-1,0,unknown,830,yes
48,management,tertiary,5057,no,yes,-1,0,unknown,37,no
26,housemaid,secondary,-759,yes,no,-1,0,unknown,191,no
33,blue-collar,secondary,-416,yes,no,-1,0,unknown,767,yes
47,technician,unknown,2106,yes,no,-1,0,unknown,168,no
45,management,tertiary,220,yes,no,-1,0,unknown,89,no
32,blue-collar,secondary,0,yes,no,-1,0,unknown,746,no
69,retired,unknown,426,no,no,90,1,success,225,yes
65,unknown,unknown,4717,no,no,-1,0,unknown,256,yes
37,blue-collar,secondary,395,yes,no,-1,0,unknown,219,no
45,blue-collar,primary,0,yes,no,-1,0,unknown,211,no
36,blue-collar,secondary,-206,yes,no,-1,0,unknown,177,no
62,self-employed,tertiary,6,yes,no,183,4,success,216,yes
37,management,tertiary,4039,no,yes,-1,0,unknown,106,no
39,services,secondary,687,yes,no,-1,0,unknown,869,yes
38,technician,secondary,-242,yes,no,278,6,success,1173,yes
31,management,tertiary,582,yes,no,-1,0,unknown,58,no
58,blue-collar,primary,8218,yes,no,-1,0,unknown,124,no
44,management,tertiary,1424,yes,no,-1,0,unknown,201,no
31,blue-collar,secondary,92,yes,no,-1,0,unknown,688,yes
33,technician,secondary,2085,no,no,-1,0,unknown,501,yes
36,technician,tertiary,197,no,no,-1,0,unknown,260,yes
31,technician,secondary,2305,no,no,-1,0,unknown,139,no
45,admin.,secondary,-547,yes,no,-1,0,unknown,214,no
30,technician,tertiary,411,no,no,-1,0,unknown,142,no
34,blue-collar,secondary,584,yes,no,-1,0,unknown,154,no
34,management,tertiary,997,yes,yes,-1,0,unknown,81,no
39,admin.,secondary,83,yes,no,-1,0,unknown,69,no
41,management,tertiary,6563,no,no,-1,0,unknown,136,no
32,services,secondary,0,yes,no,-1,0,unknown,99,no
32,management,tertiary,0,no,no,-1,0,unknown,9,no
36,blue-collar,primary,398,yes,no,-1,0,unknown,278,no
35,admin.,tertiary,1145,yes,no,-1,0,unknown,82,no
32,management,tertiary,2,yes,no,-1,0,unknown,100,yes
33,management,tertiary,201,yes,no,183,1,failure,171,no
49,entrepreneur,primary,563,no,no,-1,0,unknown,84,no
35,management,tertiary,3161,no,no,-1,0,unknown,433,no
31,technician,secondary,0,no,yes,-1,0,unknown,624,no
42,management,secondary,1331,no,no,-1,0,unknown,698,no
34,housemaid,primary,2929,no,no,-1,0,unknown,518,yes
32,services,secondary,-220,yes,yes,-1,0,unknown,123,no
29,management,tertiary,5980,yes,no,-1,0,unknown,317,no
32,services,secondary,48,yes,no,-1,0,unknown,8,no
50,housemaid,unknown,0,no,no,-1,0,unknown,118,no
58,retired,secondary,3382,no,yes,309,2,failure,294,no
59,technician,secondary,2308,no,no,87,1,other,815,yes
25,student,tertiary,10,yes,no,-1,0,unknown,857,yes
57,services,secondary,162,yes,no,-1,0,unknown,174,no
30,blue-collar,secondary,1073,yes,no,-1,0,unknown,1130,no
26,services,secondary,1700,yes,no,-1,0,unknown,13,no
50,services,primary,148,yes,no,-1,0,unknown,198,no
39,services,secondary,0,yes,no,-1,0,unknown,503,no
45,blue-collar,primary,185,yes,no,-1,0,unknown,249,no
37,management,tertiary,896,no,yes,-1,0,unknown,343,no
47,blue-collar,primary,1279,yes,no,-1,0,unknown,479,no
50,technician,tertiary,199,yes,yes,253,1,failure,116,no
40,management,secondary,99,no,no,-1,0,unknown,15,no
35,blue-collar,primary,378,yes,no,-1,0,unknown,427,no
53,management,tertiary,15,no,no,-1,0,unknown,921,yes
35,admin.,secondary,147,yes,yes,184,7,failure,41,no
54,technician,secondary,2225,no,yes,-1,0,unknown,73,no
35,admin.,secondary,1810,yes,no,-1,0,unknown,65,no
31,housemaid,unknown,-6,no,yes,-1,0,unknown,94,no
46,technician,secondary,435,yes,no,-1,0,unknown,192,no
52,management,secondary,335,no,no,182,1,failure,411,yes
34,admin.,secondary,-251,no,no,-1,0,unknown,641,yes
46,services,secondary,5,yes,yes,-1,0,unknown,305,no
54,self-employed,secondary,641,yes,no,148,2,failure,472,no
37,admin.,tertiary,0,yes,no,-1,0,unknown,115,no
39,admin.,tertiary,722,no,no,-1,0,unknown,141,no
50,technician,tertiary,3337,yes,yes,-1,0,unknown,24,no
44,technician,secondary,0,no,no,-1,0,unknown,264,no
56,admin.,secondary,1504,yes,no,-1,0,unknown,66,no
40,services,tertiary,35,no,no,317,3,failure,318,no
36,services,secondary,895,yes,yes,-1,0,unknown,622,no
33,management,tertiary,752,yes,no,-1,0,unknown,104,no
33,blue-collar,secondary,1925,yes,no,-1,0,unknown,76,no
42,services,secondary,-246,yes,no,-1,0,unknown,149,no
30,self-employed,tertiary,901,yes,yes,-1,0,unknown,601,no
33,admin.,secondary,894,no,no,-1,0,unknown,509,no
26,blue-collar,secondary,592,yes,yes,-1,0,unknown,174,no
26,admin.,secondary,3529,no,yes,-1,0,unknown,57,no
37,services,secondary,0,yes,yes,-1,0,unknown,187,no
59,retired,primary,0,no,no,-1,0,unknown,493,yes
49,blue-collar,primary,371,yes,no,-1,0,unknown,18,no
33,blue-collar,primary,1,yes,no,-1,0,unknown,257,no
46,technician,secondary,834,yes,no,-1,0,unknown,196,no
55,entrepreneur,primary,298,yes,no,-1,0,unknown,144,no
49,services,tertiary,306,yes,no,-1,0,unknown,285,no
51,technician,secondary,143,yes,no,-1,0,unknown,627,no
27,admin.,secondary,186,yes,no,-1,0,unknown,136,no
44,technician,secondary,5597,no,no,-1,0,unknown,27,no
40,services,secondary,1547,yes,no,173,1,success,88,no
36,management,tertiary,1852,no,no,-1,0,unknown,362,no
46,admin.,secondary,1790,yes,no,-1,0,unknown,214,no
30,services,secondary,20,yes,no,340,1,failure,404,no
35,admin.,secondary,8652,yes,no,-1,0,unknown,103,no
31,technician,secondary,1626,no,no,286,3,failure,356,no
37,admin.,secondary,749,no,no,-1,0,unknown,219,no
49,blue-collar,unknown,51,yes,no,-1,0,unknown,984,no
27,services,secondary,-1,no,no,-1,0,unknown,60,no
32,blue-collar,secondary,-32,yes,no,-1,0,unknown,145,no
70,retired,secondary,6850,no,no,183,1,failure,252,no
22,technician,secondary,333,no,yes,-1,0,unknown,129,no
58,blue-collar,secondary,-27,no,yes,-1,0,unknown,77,no
33,blue-collar,secondary,932,yes,no,-1,0,unknown,226,no
83,retired,primary,0,no,no,77,3,success,664,no
50,management,tertiary,100,yes,yes,299,3,failure,157,no
53,blue-collar,secondary,-626,yes,no,-1,0,unknown,205,no
37,management,tertiary,9,no,no,-1,0,unknown,484,no
55,services,primary,653,no,no,-1,0,unknown,800,no
49,admin.,secondary,3608,yes,no,-1,0,unknown,231,yes
41,blue-collar,primary,293,yes,yes,-1,0,unknown,102,no
40,management,tertiary,36,yes,no,-1,0,unknown,240,no
48,management,tertiary,263,yes,no,-1,0,unknown,350,no
27,student,secondary,8366,no,no,349,1,other,458,no
30,management,tertiary,2186,yes,no,-1,0,unknown,366,no
37,entrepreneur,secondary,20453,yes,no,-1,0,unknown,115,no
37,services,secondary,105,no,yes,-1,0,unknown,260,no
40,blue-collar,secondary,440,yes,no,-1,0,unknown,327,no
73,retired,unknown,519,no,no,57,1,failure,434,yes
50,management,tertiary,19447,yes,yes,-1,0,unknown,166,no
53,blue-collar,primary,225,no,no,-1,0,unknown,171,no
47,blue-collar,secondary,2548,yes,no,368,1,other,577,no
33,technician,secondary,0,no,no,-1,0,unknown,224,no
50,blue-collar,unknown,2284,yes,no,-1,0,unknown,1088,yes
51,blue-collar,primary,40,yes,no,370,1,failure,79,no
42,housemaid,tertiary,364,no,no,-1,0,unknown,52,no
34,technician,secondary,174,no,no,-1,0,unknown,259,no
44,technician,secondary,10888,yes,no,-1,0,unknown,163,no
32,admin.,secondary,0,yes,yes,195,2,failure,159,no
60,retired,tertiary,225,no,no,-1,0,unknown,54,no
60,retired,tertiary,2131,no,no,-1,0,unknown,421,no
29,blue-collar,secondary,-20,no,yes,-1,0,unknown,574,yes
39,management,secondary,36,no,no,-1,0,unknown,70,no
47,blue-collar,primary,2642,no,no,-1,0,unknown,310,no
30,admin.,tertiary,400,yes,no,-1,0,unknown,223,no
31,technician,tertiary,1214,no,no,-1,0,unknown,39,no
34,management,tertiary,-292,yes,no,-1,0,unknown,181,no
51,admin.,secondary,1415,yes,no,-1,0,unknown,151,no
38,blue-collar,secondary,213,yes,no,-1,0,unknown,270,no
47,admin.,secondary,2540,no,no,-1,0,unknown,110,no
46,housemaid,tertiary,3232,no,no,-1,0,unknown,94,no
33,management,tertiary,296,no,no,-1,0,unknown,90,no
30,management,tertiary,42,no,no,-1,0,unknown,115,no
40,technician,secondary,697,no,no,219,2,other,220,no
38,blue-collar,secondary,13156,yes,no,331,1,failure,291,no
63,retired,secondary,1490,no,no,-1,0,unknown,506,yes
33,management,tertiary,150,no,no,-1,0,unknown,151,no
59,retired,secondary,0,no,no,-1,0,unknown,812,yes
29,management,tertiary,4210,yes,no,-1,0,unknown,119,no
54,services,secondary,1012,yes,no,175,2,other,33,no
57,technician,secondary,16063,yes,no,-1,0,unknown,352,no
57,blue-collar,primary,5431,yes,yes,-1,0,unknown,383,no
28,services,secondary,317,yes,no,-1,0,unknown,21,no
30,technician,secondary,4787,yes,no,167,2,failure,266,no
28,blue-collar,secondary,225,yes,yes,-1,0,unknown,866,no
45,services,primary,3854,yes,no,-1,0,unknown,10,no
29,services,secondary,92,yes,no,-1,0,unknown,240,no
42,blue-collar,primary,-10,yes,no,-1,0,unknown,291,no
31,blue-collar,secondary,-617,yes,no,-1,0,unknown,115,no
59,housemaid,primary,195,no,no,-1,0,unknown,366,no
41,blue-collar,primary,1172,yes,no,-1,0,unknown,153,no
57,housemaid,secondary,0,no,no,-1,0,unknown,197,no
43,services,secondary,0,no,no,-1,0,unknown,106,no
30,services,secondary,-94,yes,no,-1,0,unknown,41,no
26,admin.,secondary,609,no,no,-1,0,unknown,112,no
52,management,tertiary,4,no,yes,-1,0,unknown,30,no
32,entrepreneur,secondary,1121,yes,yes,-1,0,unknown,211,no
39,management,tertiary,355,yes,no,-1,0,unknown,313,no
31,blue-collar,secondary,3653,yes,yes,168,4,failure,252,no
83,retired,primary,1097,no,no,-1,0,unknown,181,yes
34,management,tertiary,436,no,yes,-1,0,unknown,118,no
40,blue-collar,secondary,4795,yes,no,-1,0,unknown,57,no
39,self-employed,secondary,266,no,no,-1,0,unknown,102,no
50,unemployed,secondary,3357,no,no,-1,0,unknown,239,yes
30,technician,tertiary,101,yes,yes,-1,0,unknown,187,no
43,blue-collar,secondary,10910,yes,no,-1,0,unknown,66,no
49,blue-collar,secondary,1568,no,no,-1,0,unknown,206,no
41,retired,primary,0,no,no,368,2,failure,239,no
35,blue-collar,secondary,305,yes,no,367,25,failure,7,no
57,retired,tertiary,31,no,no,-1,0,unknown,260,no
29,entrepreneur,secondary,452,yes,no,-1,0,unknown,347,no
48,admin.,secondary,5,yes,no,-1,0,unknown,697,no
38,entrepreneur,tertiary,7929,no,no,-1,0,unknown,182,no
41,entrepreneur,primary,39,yes,no,-1,0,unknown,549,yes
39,housemaid,primary,267,no,no,-1,0,unknown,1151,no
31,management,tertiary,4945,no,no,-1,0,unknown,445,no
51,technician,secondary,463,yes,no,-1,0,unknown,213,no
35,unemployed,secondary,2116,yes,no,-1,0,unknown,409,no
45,admin.,secondary,59,yes,no,-1,0,unknown,873,yes
28,blue-collar,secondary,131,yes,no,-1,0,unknown,147,no
57,retired,secondary,107,no,no,-1,0,unknown,85,no
36,unemployed,secondary,-35,no,no,-1,0,unknown,339,no
49,technician,primary,230,yes,no,-1,0,unknown,96,no
34,management,tertiary,2679,yes,no,-1,0,unknown,195,no
65,retired,primary,493,no,no,182,1,failure,622,no
26,services,secondary,256,yes,no,-1,0,unknown,101,no
52,blue-collar,primary,-133,no,no,-1,0,unknown,96,no
32,blue-collar,secondary,811,yes,no,-1,0,unknown,563,yes
33,unemployed,tertiary,302,yes,yes,-1,0,unknown,670,no
43,management,tertiary,3529,yes,no,-1,0,unknown,190,no
26,technician,tertiary,75,yes,yes,-1,0,unknown,351,no
45,technician,secondary,999,yes,no,188,2,failure,215,no
30,management,tertiary,7845,yes,no,-1,0,unknown,59,no
37,services,primary,260,yes,no,-1,0,unknown,446,no
45,management,tertiary,2048,yes,no,804,1,failure,310,yes
34,management,tertiary,1557,yes,yes,-1,0,unknown,213,no
35,services,secondary,505,yes,yes,-1,0,unknown,371,no
41,admin.,tertiary,1536,no,no,-1,0,unknown,54,no
42,self-employed,tertiary,0,no,no,-1,0,unknown,118,no
48,blue-collar,unknown,439,yes,no,249,2,other,212,no
45,unknown,primary,44,no,no,-1,0,unknown,81,no
47,management,tertiary,295,yes,no,-1,0,unknown,157,no
37,blue-collar,primary,190,yes,yes,-1,0,unknown,194,no
32,management,secondary,3935,yes,no,-1,0,unknown,129,no
40,management,tertiary,-17,yes,yes,256,1,success,474,yes
35,technician,secondary,175,yes,no,246,1,failure,219,no
31,technician,secondary,4888,yes,no,166,2,failure,475,no
36,technician,tertiary,40,no,no,-1,0,unknown,359,no
44,management,tertiary,4460,no,no,-1,0,unknown,168,no
52,admin.,secondary,98,no,yes,-1,0,unknown,148,no
28,student,secondary,330,no,no,-1,0,unknown,197,no
45,blue-collar,primary,13117,no,no,-1,0,unknown,42,no
38,management,tertiary,12877,no,no,-1,0,unknown,118,no
39,blue-collar,primary,1506,yes,no,-1,0,unknown,299,no
28,management,tertiary,0,no,no,-1,0,unknown,198,no
31,technician,secondary,775,no,no,-1,0,unknown,361,no
46,blue-collar,primary,258,yes,no,-1,0,unknown,217,no
22,student,secondary,246,yes,no,-1,0,unknown,25,no
49,blue-collar,primary,2146,yes,no,353,2,other,1516,yes
44,unemployed,secondary,304,yes,no,-1,0,unknown,129,no
31,self-employed,secondary,360,yes,no,-1,0,unknown,592,no
53,blue-collar,primary,3316,yes,no,-1,0,unknown,331,no
55,management,tertiary,6880,no,no,-1,0,unknown,353,no
35,technician,secondary,2189,no,no,-1,0,unknown,256,no
35,blue-collar,secondary,5304,yes,no,183,2,failure,340,no
37,management,tertiary,102,yes,no,-1,0,unknown,101,no
50,blue-collar,secondary,181,yes,no,-1,0,unknown,599,no
37,management,primary,3953,yes,no,138,1,failure,610,no
37,blue-collar,primary,6969,yes,no,-1,0,unknown,412,no
29,management,tertiary,572,no,no,195,1,success,314,yes
31,admin.,secondary,223,yes,no,315,11,success,508,no
40,technician,secondary,-396,yes,no,-1,0,unknown,127,no
47,services,secondary,164,no,no,-1,0,unknown,212,no
55,self-employed,secondary,2678,no,yes,-1,0,unknown,151,no
33,technician,secondary,920,yes,no,122,4,failure,58,no
53,services,secondary,4554,no,no,-1,0,unknown,8,no
38,management,tertiary,623,no,no,144,4,other,297,yes
61,management,secondary,967,no,no,-1,0,unknown,180,no
43,unemployed,secondary,1577,yes,no,-1,0,unknown,87,no
42,housemaid,primary,1,yes,no,-1,0,unknown,59,no
36,management,tertiary,0,no,no,-1,0,unknown,81,no
31,technician,tertiary,1166,yes,no,-1,0,unknown,207,no
59,management,unknown,3534,no,no,-1,0,unknown,216,no
29,blue-collar,primary,200,yes,no,-1,0,unknown,322,no
33,technician,secondary,4790,yes,no,272,2,failure,137,no
44,blue-collar,primary,-237,yes,no,-1,0,unknown,73,no
43,blue-collar,secondary,1335,yes,no,-1,0,unknown,371,no
42,management,tertiary,603,yes,no,-1,0,unknown,298,no
32,management,tertiary,577,no,no,-1,0,unknown,101,no
43,management,tertiary,0,yes,no,-1,0,unknown,110,no
39,admin.,secondary,163,yes,no,-1,0,unknown,107,no
23,blue-collar,primary,1158,yes,no,-1,0,unknown,743,no
43,services,secondary,642,no,no,-1,0,unknown,644,no
46,admin.,secondary,466,yes,no,-1,0,unknown,169,no
31,technician,secondary,119,yes,no,-1,0,unknown,380,no
38,management,tertiary,3436,no,no,-1,0,unknown,663,yes
53,blue-collar,primary,238,yes,no,361,5,failure,238,no
37,blue-collar,primary,378,yes,no,-1,0,unknown,514,no
49,entrepreneur,secondary,32,no,no,-1,0,unknown,128,no
31,unemployed,secondary,315,no,no,2,1,other,130,no
45,management,tertiary,6945,no,no,356,3,failure,131,no
58,admin.,secondary,3496,yes,no,-1,0,unknown,111,no
35,blue-collar,secondary,0,yes,no,-1,0,unknown,169,no
32,technician,secondary,309,yes,yes,234,3,failure,346,no
28,technician,tertiary,0,yes,no,-1,0,unknown,205,no
26,technician,secondary,668,yes,no,-1,0,unknown,576,yes
48,management,tertiary,1175,yes,no,-1,0,unknown,1476,no
30,blue-collar,secondary,363,no,no,-1,0,unknown,171,no
31,entrepreneur,tertiary,38,no,no,-1,0,unknown,185,no
31,management,tertiary,1183,yes,no,-1,0,unknown,676,no
45,blue-collar,primary,942,no,no,-1,0,unknown,362,no
38,admin.,secondary,4196,yes,no,-1,0,unknown,193,no
34,management,tertiary,297,yes,no,-1,0,unknown,63,no
42,services,secondary,-91,yes,yes,-1,0,unknown,43,no
60,self-employed,primary,362,no,yes,-1,0,unknown,816,yes
42,blue-collar,secondary,1080,yes,yes,370,4,failure,951,yes
32,admin.,secondary,620,yes,no,-1,0,unknown,1234,yes
42,unemployed,tertiary,-166,no,no,-1,0,unknown,85,no
33,services,secondary,288,yes,no,-1,0,unknown,306,no
42,admin.,unknown,642,yes,yes,-1,0,unknown,509,no
51,technician,tertiary,2506,no,no,-1,0,unknown,210,no
36,technician,secondary,566,yes,no,-1,0,unknown,129,no
46,blue-collar,secondary,668,yes,no,-1,0,unknown,1263,yes
40,blue-collar,secondary,1100,yes,no,-1,0,unknown,660,no
49,blue-collar,secondary,322,no,no,-1,0,unknown,356,no
38,blue-collar,secondary,1205,yes,no,153,1,failure,45,no
32,services,secondary,473,yes,no,-1,0,unknown,624,no
33,services,secondary,-333,yes,no,-1,0,unknown,329,no
57,self-employed,tertiary,-3313,yes,yes,-1,0,unknown,153,no
57,technician,secondary,295,no,no,-1,0,unknown,151,no
28,blue-collar,secondary,1137,no,no,211,3,other,129,no
44,entrepreneur,tertiary,1136,yes,yes,249,7,other,345,no
